{
  "format_version": "1.12.0",
  "minecraft:geometry": [
    {
      "description": {
        "identifier": "minecraft:boat/bamboo#main",
        "texture_width": 128,
        "texture_height": 64
      },
      "bones": [
        {
          "name": "right_paddle",
          "pivot": [
            3.0,
            28.0,
            -9.0
          ],
          "rotation": [
            0.0,
            180.00000500895632,
            11.25000031305977
          ],
          "cubes": [
            {
              "origin": [
                2.0,
                26.0,
                -14.0
              ],
              "size": [
                2.0,
                2.0,
                18.0
              ],
              "inflate": 0.0,
              "uv": [
                40.0,
                24.0
              ],
              "mirror": false
            },
            {
              "origin": [
                3.001,
                25.0,
                -1.0
              ],
              "size": [
                1.0,
                6.0,
                7.0
              ],
              "inflate": 0.0,
              "uv": [
                40.0,
                24.0
              ],
              "mirror": false
            }
          ]
        },
        {
          "name": "left_paddle",
          "pivot": [
            3.0,
            28.0,
            9.0
          ],
          "rotation": [
            0.0,
            0.0,
            11.25000031305977
          ],
          "cubes": [
            {
              "origin": [
                2.0,
                26.0,
                4.0
              ],
              "size": [
                2.0,
                2.0,
                18.0
              ],
              "inflate": 0.0,
              "uv": [
                0.0,
                24.0
              ],
              "mirror": false
            },
            {
              "origin": [
                1.999,
                25.0,
                17.0
              ],
              "size": [
                1.0,
                6.0,
                7.0
              ],
              "inflate": 0.0,
              "uv": [
                0.0,
                24.0
              ],
              "mirror": false
            }
          ]
        },
        {
          "name": "bottom",
          "pivot": [
            0.0,
            26.0,
            1.0
          ],
          "rotation": [
            90.00020741015327,
            0.0,
            0.0
          ],
          "cubes": [
            {
              "origin": [
                -14.0,
                17.0,
                -3.0
              ],
              "size": [
                28.0,
                20.0,
                4.0
              ],
              "inflate": 0.0,
              "uv": [
                0.0,
                0.0
              ],
              "mirror": false
            },
            {
              "origin": [
                -14.0,
                19.0,
                -7.0
              ],
              "size": [
                28.0,
                16.0,
                4.0
              ],
              "inflate": 0.0,
              "uv": [
                0.0,
                0.0
              ],
              "mirror": false
            }
          ]
        }
      ]
    }
  ]
}