{
  "format_version": "1.12.0",
  "minecraft:geometry": [
    {
      "description": {
        "identifier": "minecraft:chest_boat/cherry#main",
        "texture_width": 128,
        "texture_height": 128
      },
      "bones": [
        {
          "name": "chest_bottom",
          "pivot": [
            -2.0,
            29.0,
            -6.0
          ],
          "rotation": [
            0.0,
            -90.00000250447816,
            0.0
          ],
          "cubes": [
            {
              "origin": [
                -2.0,
                21.0,
                -6.0
              ],
              "size": [
                12.0,
                8.0,
                12.0
              ],
              "inflate": 0.0,
              "uv": [
                0.0,
                76.0
              ],
              "mirror": false
            }
          ]
        },
        {
          "name": "right_paddle",
          "pivot": [
            3.0,
            29.0,
            -9.0
          ],
          "rotation": [
            0.0,
            180.00000500895632,
            11.25000031305977
          ],
          "cubes": [
            {
              "origin": [
                2.0,
                27.0,
                -14.0
              ],
              "size": [
                2.0,
                2.0,
                18.0
              ],
              "inflate": 0.0,
              "uv": [
                62.0,
                20.0
              ],
              "mirror": false
            },
            {
              "origin": [
                3.001,
                26.0,
                -1.0
              ],
              "size": [
                1.0,
                6.0,
                7.0
              ],
              "inflate": 0.0,
              "uv": [
                62.0,
                20.0
              ],
              "mirror": false
            }
          ]
        },
        {
          "name": "left_paddle",
          "pivot": [
            3.0,
            29.0,
            9.0
          ],
          "rotation": [
            0.0,
            0.0,
            11.25000031305977
          ],
          "cubes": [
            {
              "origin": [
                2.0,
                27.0,
                4.0
              ],
              "size": [
                2.0,
                2.0,
                18.0
              ],
              "inflate": 0.0,
              "uv": [
                62.0,
                0.0
              ],
              "mirror": false
            },
            {
              "origin": [
                1.999,
                26.0,
                17.0
              ],
              "size": [
                1.0,
                6.0,
                7.0
              ],
              "inflate": 0.0,
              "uv": [
                62.0,
                0.0
              ],
              "mirror": false
            }
          ]
        },
        {
          "name": "left",
          "pivot": [
            0.0,
            20.0,
            9.0
          ],
          "rotation": [
            0.0,
            0.0,
            0.0
          ],
          "cubes": [
            {
              "origin": [
                -14.0,
                21.0,
                8.0
              ],
              "size": [
                28.0,
                6.0,
                2.0
              ],
              "inflate": 0.0,
              "uv": [
                0.0,
                43.0
              ],
              "mirror": false
            }
          ]
        },
        {
          "name": "bottom",
          "pivot": [
            0.0,
            21.0,
            1.0
          ],
          "rotation": [
            90.00000250447816,
            0.0,
            0.0
          ],
          "cubes": [
            {
              "origin": [
                -14.0,
                14.0,
                -2.0
              ],
              "size": [
                28.0,
                16.0,
                3.0
              ],
              "inflate": 0.0,
              "uv": [
                0.0,
                0.0
              ],
              "mirror": false
            }
          ]
        },
        {
          "name": "water_patch",
          "pivot": [
            0.0,
            27.0,
            1.0
          ],
          "rotation": [
            90.00000250447816,
            0.0,
            0.0
          ],
          "cubes": [
            {
              "origin": [
                -14.0,
                20.0,
                -2.0
              ],
              "size": [
                28.0,
                16.0,
                3.0
              ],
              "inflate": 0.0,
              "uv": [
                0.0,
                0.0
              ],
              "mirror": false
            }
          ]
        },
        {
          "name": "back",
          "pivot": [
            -15.0,
            20.0,
            4.0
          ],
          "rotation": [
            0.0,
            270.00000068324533,
            0.0
          ],
          "cubes": [
            {
              "origin": [
                -28.0,
                21.0,
                3.0
              ],
              "size": [
                18.0,
                6.0,
                2.0
              ],
              "inflate": 0.0,
              "uv": [
                0.0,
                19.0
              ],
              "mirror": false
            }
          ]
        },
        {
          "name": "chest_lid",
          "pivot": [
            -2.0,
            33.0,
            -6.0
          ],
          "rotation": [
            0.0,
            -90.00000250447816,
            0.0
          ],
          "cubes": [
            {
              "origin": [
                -2.0,
                29.0,
                -6.0
              ],
              "size": [
                12.0,
                4.0,
                12.0
              ],
              "inflate": 0.0,
              "uv": [
                0.0,
                59.0
              ],
              "mirror": false
            }
          ]
        },
        {
          "name": "front",
          "pivot": [
            15.0,
            20.0,
            0.0
          ],
          "rotation": [
            0.0,
            90.00000250447816,
            0.0
          ],
          "cubes": [
            {
              "origin": [
                7.0,
                21.0,
                -1.0
              ],
              "size": [
                16.0,
                6.0,
                2.0
              ],
              "inflate": 0.0,
              "uv": [
                0.0,
                27.0
              ],
              "mirror": false
            }
          ]
        },
        {
          "name": "right",
          "pivot": [
            0.0,
            20.0,
            -9.0
          ],
          "rotation": [
            0.0,
            180.00000500895632,
            0.0
          ],
          "cubes": [
            {
              "origin": [
                -14.0,
                21.0,
                -10.0
              ],
              "size": [
                28.0,
                6.0,
                2.0
              ],
              "inflate": 0.0,
              "uv": [
                0.0,
                35.0
              ],
              "mirror": false
            }
          ]
        },
        {
          "name": "chest_lock",
          "pivot": [
            -1.0,
            30.0,
            -1.0
          ],
          "rotation": [
            0.0,
            -90.00000250447816,
            0.0
          ],
          "cubes": [
            {
              "origin": [
                -1.0,
                26.0,
                -1.0
              ],
              "size": [
                2.0,
                4.0,
                1.0
              ],
              "inflate": 0.0,
              "uv": [
                0.0,
                59.0
              ],
              "mirror": false
            }
          ]
        }
      ]
    }
  ]
}