{
  "format_version": "1.12.0",
  "minecraft:geometry": [
    {
      "description": {
        "identifier": "minecraft:armor_stand#main",
        "texture_width": 64,
        "texture_height": 64
      },
      "bones": [
        {
          "name": "head",
          "pivot": [
            0.0,
            23.0,
            0.0
          ],
          "rotation": [
            0.0,
            0.0,
            0.0
          ],
          "cubes": [
            {
              "origin": [
                -1.0,
                23.0,
                -1.0
              ],
              "size": [
                2.0,
                7.0,
                2.0
              ],
              "inflate": 0.0,
              "uv": [
                0.0,
                0.0
              ],
              "mirror": false
            }
          ]
        },
        {
          "name": "left_body_stick",
          "pivot": [
            0.0,
            24.0,
            0.0
          ],
          "rotation": [
            0.0,
            0.0,
            0.0
          ],
          "cubes": [
            {
              "origin": [
                1.0,
                14.0,
                -1.0
              ],
              "size": [
                2.0,
                7.0,
                2.0
              ],
              "inflate": 0.0,
              "uv": [
                48.0,
                16.0
              ],
              "mirror": false
            }
          ]
        },
        {
          "name": "right_arm",
          "pivot": [
            -5.0,
            22.0,
            0.0
          ],
          "rotation": [
            0.0,
            0.0,
            0.0
          ],
          "cubes": [
            {
              "origin": [
                -7.0,
                12.0,
                -1.0
              ],
              "size": [
                2.0,
                12.0,
                2.0
              ],
              "inflate": 0.0,
              "uv": [
                24.0,
                0.0
              ],
              "mirror": false
            }
          ]
        },
        {
          "name": "left_leg",
          "pivot": [
            1.9,
            12.0,
            0.0
          ],
          "rotation": [
            0.0,
            0.0,
            0.0
          ],
          "cubes": [
            {
              "origin": [
                0.9,
                1.0,
                -1.0
              ],
              "size": [
                2.0,
                11.0,
                2.0
              ],
              "inflate": 0.0,
              "uv": [
                40.0,
                16.0
              ],
              "mirror": true
            }
          ]
        },
        {
          "name": "left_arm",
          "pivot": [
            5.0,
            22.0,
            0.0
          ],
          "rotation": [
            0.0,
            0.0,
            0.0
          ],
          "cubes": [
            {
              "origin": [
                5.0,
                12.0,
                -1.0
              ],
              "size": [
                2.0,
                12.0,
                2.0
              ],
              "inflate": 0.0,
              "uv": [
                32.0,
                16.0
              ],
              "mirror": true
            }
          ]
        },
        {
          "name": "right_leg",
          "pivot": [
            -1.9,
            12.0,
            0.0
          ],
          "rotation": [
            0.0,
            0.0,
            0.0
          ],
          "cubes": [
            {
              "origin": [
                -2.9,
                1.0,
                -1.0
              ],
              "size": [
                2.0,
                11.0,
                2.0
              ],
              "inflate": 0.0,
              "uv": [
                8.0,
                0.0
              ],
              "mirror": false
            }
          ]
        },
        {
          "name": "shoulder_stick",
          "pivot": [
            0.0,
            24.0,
            0.0
          ],
          "rotation": [
            0.0,
            0.0,
            0.0
          ],
          "cubes": [
            {
              "origin": [
                -4.0,
                12.0,
                -1.0
              ],
              "size": [
                8.0,
                2.0,
                2.0
              ],
              "inflate": 0.0,
              "uv": [
                0.0,
                48.0
              ],
              "mirror": false
            }
          ]
        },
        {
          "name": "right_body_stick",
          "pivot": [
            0.0,
            24.0,
            0.0
          ],
          "rotation": [
            0.0,
            0.0,
            0.0
          ],
          "cubes": [
            {
              "origin": [
                -3.0,
                14.0,
                -1.0
              ],
              "size": [
                2.0,
                7.0,
                2.0
              ],
              "inflate": 0.0,
              "uv": [
                16.0,
                0.0
              ],
              "mirror": false
            }
          ]
        },
        {
          "name": "base_plate",
          "pivot": [
            0.0,
            12.0,
            0.0
          ],
          "rotation": [
            0.0,
            0.0,
            0.0
          ],
          "cubes": [
            {
              "origin": [
                -6.0,
                -0.0,
                -6.0
              ],
              "size": [
                12.0,
                1.0,
                12.0
              ],
              "inflate": 0.0,
              "uv": [
                0.0,
                32.0
              ],
              "mirror": false
            }
          ]
        },
        {
          "name": "hat",
          "pivot": [
            0.0,
            24.0,
            0.0
          ],
          "rotation": [
            0.0,
            0.0,
            0.0
          ],
          "cubes": [
            {
              "origin": [
                -4.0,
                24.0,
                -4.0
              ],
              "size": [
                8.0,
                8.0,
                8.0
              ],
              "inflate": 0.5,
              "uv": [
                32.0,
                0.0
              ],
              "mirror": false
            }
          ]
        },
        {
          "name": "body",
          "pivot": [
            0.0,
            24.0,
            0.0
          ],
          "rotation": [
            0.0,
            0.0,
            0.0
          ],
          "cubes": [
            {
              "origin": [
                -6.0,
                21.0,
                -1.5
              ],
              "size": [
                12.0,
                3.0,
                3.0
              ],
              "inflate": 0.0,
              "uv": [
                0.0,
                26.0
              ],
              "mirror": false
            }
          ]
        }
      ]
    }
  ]
}