{
  "format_version": "1.12.0",
  "minecraft:geometry": [
    {
      "description": {
        "identifier": "minecraft:banner#main",
        "texture_width": 64,
        "texture_height": 64
      },
      "bones": [
        {
          "name": "bar",
          "pivot": [
            0.0,
            24.0,
            0.0
          ],
          "rotation": [
            0.0,
            0.0,
            0.0
          ],
          "cubes": [
            {
              "origin": [
                -10.0,
                54.0,
                -1.0
              ],
              "size": [
                20.0,
                2.0,
                2.0
              ],
              "inflate": 0.0,
              "uv": [
                0.0,
                42.0
              ],
              "mirror": false
            }
          ]
        },
        {
          "name": "flag",
          "pivot": [
            0.0,
            24.0,
            0.0
          ],
          "rotation": [
            0.0,
            0.0,
            0.0
          ],
          "cubes": [
            {
              "origin": [
                -10.0,
                -16.0,
                -2.0
              ],
              "size": [
                20.0,
                40.0,
                1.0
              ],
              "inflate": 0.0,
              "uv": [
                0.0,
                0.0
              ],
              "mirror": false
            }
          ]
        },
        {
          "name": "pole",
          "pivot": [
            0.0,
            24.0,
            0.0
          ],
          "rotation": [
            0.0,
            0.0,
            0.0
          ],
          "cubes": [
            {
              "origin": [
                -1.0,
                12.0,
                -1.0
              ],
              "size": [
                2.0,
                42.0,
                2.0
              ],
              "inflate": 0.0,
              "uv": [
                44.0,
                0.0
              ],
              "mirror": false
            }
          ]
        }
      ]
    }
  ]
}