{
  "format_version": "1.12.0",
  "minecraft:geometry": [
    {
      "description": {
        "identifier": "minecraft:bed_head#main",
        "texture_width": 64,
        "texture_height": 64
      },
      "bones": [
        {
          "name": "left_leg",
          "pivot": [
            0.0,
            24.0,
            0.0
          ],
          "rotation": [
            90.00000250447816,
            0.0,
            90.00000250447816
          ],
          "cubes": [
            {
              "origin": [
                0.0,
                15.0,
                0.0
              ],
              "size": [
                3.0,
                3.0,
                3.0
              ],
              "inflate": 0.0,
              "uv": [
                50.0,
                6.0
              ],
              "mirror": false
            }
          ]
        },
        {
          "name": "right_leg",
          "pivot": [
            0.0,
            24.0,
            0.0
          ],
          "rotation": [
            90.00000250447816,
            0.0,
            180.00000500895632
          ],
          "cubes": [
            {
              "origin": [
                -16.0,
                15.0,
                0.0
              ],
              "size": [
                3.0,
                3.0,
                3.0
              ],
              "inflate": 0.0,
              "uv": [
                50.0,
                18.0
              ],
              "mirror": false
            }
          ]
        },
        {
          "name": "main",
          "pivot": [
            0.0,
            24.0,
            0.0
          ],
          "rotation": [
            0.0,
            0.0,
            0.0
          ],
          "cubes": [
            {
              "origin": [
                0.0,
                8.0,
                0.0
              ],
              "size": [
                16.0,
                16.0,
                6.0
              ],
              "inflate": 0.0,
              "uv": [
                0.0,
                0.0
              ],
              "mirror": false
            }
          ]
        }
      ]
    }
  ]
}