{
  "format_version": "1.12.0",
  "minecraft:geometry": [
    {
      "description": {
        "identifier": "minecraft:bell#main",
        "texture_width": 32,
        "texture_height": 32
      },
      "bones": [
        {
          "name": "bell_body",
          "pivot": [
            8.0,
            12.0,
            8.0
          ],
          "rotation": [
            0.0,
            0.0,
            0.0
          ],
          "cubes": [
            {
              "origin": [
                5.0,
                11.0,
                5.0
              ],
              "size": [
                6.0,
                7.0,
                6.0
              ],
              "inflate": 0.0,
              "uv": [
                0.0,
                0.0
              ],
              "mirror": false
            }
          ]
        },
        {
          "name": "bell_base",
          "parent": "bell_body",
          "pivot": [
            0.0,
            24.0,
            0.0
          ],
          "rotation": [
            0.0,
            0.0,
            0.0
          ],
          "cubes": [
            {
              "origin": [
                4.0,
                18.0,
                4.0
              ],
              "size": [
                8.0,
                2.0,
                8.0
              ],
              "inflate": 0.0,
              "uv": [
                0.0,
                13.0
              ],
              "mirror": false
            }
          ]
        }
      ]
    }
  ]
}