{
  "format_version": "1.12.0",
  "minecraft:geometry": [
    {
      "description": {
        "identifier": "minecraft:blaze#main",
        "texture_width": 64,
        "texture_height": 32
      },
      "bones": [
        {
          "name": "part0",
          "pivot": [
            9.0,
            25.0,
            0.0
          ],
          "rotation": [
            0.0,
            0.0,
            0.0
          ],
          "cubes": [
            {
              "origin": [
                9.0,
                17.0,
                0.0
              ],
              "size": [
                2.0,
                8.0,
                2.0
              ],
              "inflate": 0.0,
              "uv": [
                0.0,
                16.0
              ],
              "mirror": false
            }
          ]
        },
        {
          "name": "part1",
          "pivot": [
            1.1021821E-15,
            25.122408,
            9.0
          ],
          "rotation": [
            0.0,
            0.0,
            0.0
          ],
          "cubes": [
            {
              "origin": [
                1.1021821E-15,
                17.122408,
                9.0
              ],
              "size": [
                2.0,
                8.0,
                2.0
              ],
              "inflate": 0.0,
              "uv": [
                0.0,
                16.0
              ],
              "mirror": false
            }
          ]
        },
        {
          "name": "part2",
          "pivot": [
            -9.0,
            25.459667,
            1.1021821E-15
          ],
          "rotation": [
            0.0,
            0.0,
            0.0
          ],
          "cubes": [
            {
              "origin": [
                -9.0,
                17.459667,
                1.1021821E-15
              ],
              "size": [
                2.0,
                8.0,
                2.0
              ],
              "inflate": 0.0,
              "uv": [
                0.0,
                16.0
              ],
              "mirror": false
            }
          ]
        },
        {
          "name": "head",
          "pivot": [
            0.0,
            24.0,
            0.0
          ],
          "rotation": [
            0.0,
            0.0,
            0.0
          ],
          "cubes": [
            {
              "origin": [
                -4.0,
                20.0,
                -4.0
              ],
              "size": [
                8.0,
                8.0,
                8.0
              ],
              "inflate": 0.0,
              "uv": [
                0.0,
                0.0
              ],
              "mirror": false
            }
          ]
        },
        {
          "name": "part3",
          "pivot": [
            0.0,
            25.929209,
            -9.0
          ],
          "rotation": [
            0.0,
            0.0,
            0.0
          ],
          "cubes": [
            {
              "origin": [
                0.0,
                17.929209,
                -9.0
              ],
              "size": [
                2.0,
                8.0,
                2.0
              ],
              "inflate": 0.0,
              "uv": [
                0.0,
                16.0
              ],
              "mirror": false
            }
          ]
        },
        {
          "name": "part11",
          "pivot": [
            2.269867,
            13.385693,
            -4.455076
          ],
          "rotation": [
            0.0,
            0.0,
            0.0
          ],
          "cubes": [
            {
              "origin": [
                2.269867,
                5.3856926,
                -4.455076
              ],
              "size": [
                2.0,
                8.0,
                2.0
              ],
              "inflate": 0.0,
              "uv": [
                0.0,
                16.0
              ],
              "mirror": false
            }
          ]
        },
        {
          "name": "part4",
          "pivot": [
            4.9497476,
            22.41608,
            4.9497476
          ],
          "rotation": [
            0.0,
            0.0,
            0.0
          ],
          "cubes": [
            {
              "origin": [
                4.9497476,
                14.41608,
                4.9497476
              ],
              "size": [
                2.0,
                8.0,
                2.0
              ],
              "inflate": 0.0,
              "uv": [
                0.0,
                16.0
              ],
              "mirror": false
            }
          ]
        },
        {
          "name": "part10",
          "pivot": [
            -4.455076,
            12.65329,
            -2.269867
          ],
          "rotation": [
            0.0,
            0.0,
            0.0
          ],
          "cubes": [
            {
              "origin": [
                -4.455076,
                4.65329,
                -2.269867
              ],
              "size": [
                2.0,
                8.0,
                2.0
              ],
              "inflate": 0.0,
              "uv": [
                0.0,
                16.0
              ],
              "mirror": false
            }
          ]
        },
        {
          "name": "part5",
          "pivot": [
            -4.9497476,
            22.80109,
            4.9497476
          ],
          "rotation": [
            0.0,
            0.0,
            0.0
          ],
          "cubes": [
            {
              "origin": [
                -4.9497476,
                14.80109,
                4.9497476
              ],
              "size": [
                2.0,
                8.0,
                2.0
              ],
              "inflate": 0.0,
              "uv": [
                0.0,
                16.0
              ],
              "mirror": false
            }
          ]
        },
        {
          "name": "part6",
          "pivot": [
            -4.9497476,
            22.98999,
            -4.9497476
          ],
          "rotation": [
            0.0,
            0.0,
            0.0
          ],
          "cubes": [
            {
              "origin": [
                -4.9497476,
                14.98999,
                -4.9497476
              ],
              "size": [
                2.0,
                8.0,
                2.0
              ],
              "inflate": 0.0,
              "uv": [
                0.0,
                16.0
              ],
              "mirror": false
            }
          ]
        },
        {
          "name": "part7",
          "pivot": [
            4.9497476,
            22.936468,
            -4.9497476
          ],
          "rotation": [
            0.0,
            0.0,
            0.0
          ],
          "cubes": [
            {
              "origin": [
                4.9497476,
                14.936468,
                -4.9497476
              ],
              "size": [
                2.0,
                8.0,
                2.0
              ],
              "inflate": 0.0,
              "uv": [
                0.0,
                16.0
              ],
              "mirror": false
            }
          ]
        },
        {
          "name": "part8",
          "pivot": [
            4.455076,
            12.039837,
            2.269867
          ],
          "rotation": [
            0.0,
            0.0,
            0.0
          ],
          "cubes": [
            {
              "origin": [
                4.455076,
                4.039837,
                2.269867
              ],
              "size": [
                2.0,
                8.0,
                2.0
              ],
              "inflate": 0.0,
              "uv": [
                0.0,
                16.0
              ],
              "mirror": false
            }
          ]
        },
        {
          "name": "part9",
          "pivot": [
            -2.269867,
            12.106992,
            4.455076
          ],
          "rotation": [
            0.0,
            0.0,
            0.0
          ],
          "cubes": [
            {
              "origin": [
                -2.269867,
                4.106992,
                4.455076
              ],
              "size": [
                2.0,
                8.0,
                2.0
              ],
              "inflate": 0.0,
              "uv": [
                0.0,
                16.0
              ],
              "mirror": false
            }
          ]
        }
      ]
    }
  ]
}