{
  "format_version": "1.12.0",
  "minecraft:geometry": [
    {
      "description": {
        "identifier": "minecraft:cave_spider#main",
        "texture_width": 64,
        "texture_height": 32
      },
      "bones": [
        {
          "name": "head",
          "pivot": [
            0.0,
            9.0,
            -3.0
          ],
          "rotation": [
            0.0,
            0.0,
            0.0
          ],
          "cubes": [
            {
              "origin": [
                -4.0,
                5.0,
                -11.0
              ],
              "size": [
                8.0,
                8.0,
                8.0
              ],
              "inflate": 0.0,
              "uv": [
                32.0,
                4.0
              ],
              "mirror": false
            }
          ]
        },
        {
          "name": "right_front_leg",
          "pivot": [
            -4.0,
            9.0,
            -1.0
          ],
          "rotation": [
            0.0,
            0.0,
            0.0
          ],
          "cubes": [
            {
              "origin": [
                -19.0,
                8.0,
                -2.0
              ],
              "size": [
                16.0,
                2.0,
                2.0
              ],
              "inflate": 0.0,
              "uv": [
                18.0,
                0.0
              ],
              "mirror": false
            }
          ]
        },
        {
          "name": "right_hind_leg",
          "pivot": [
            -4.0,
            9.0,
            2.0
          ],
          "rotation": [
            0.0,
            0.0,
            0.0
          ],
          "cubes": [
            {
              "origin": [
                -19.0,
                8.0,
                1.0
              ],
              "size": [
                16.0,
                2.0,
                2.0
              ],
              "inflate": 0.0,
              "uv": [
                18.0,
                0.0
              ],
              "mirror": false
            }
          ]
        },
        {
          "name": "left_middle_front_leg",
          "pivot": [
            4.0,
            9.0,
            0.0
          ],
          "rotation": [
            0.0,
            0.0,
            0.0
          ],
          "cubes": [
            {
              "origin": [
                3.0,
                8.0,
                -1.0
              ],
              "size": [
                16.0,
                2.0,
                2.0
              ],
              "inflate": 0.0,
              "uv": [
                18.0,
                0.0
              ],
              "mirror": true
            }
          ]
        },
        {
          "name": "body0",
          "pivot": [
            0.0,
            9.0,
            0.0
          ],
          "rotation": [
            0.0,
            0.0,
            0.0
          ],
          "cubes": [
            {
              "origin": [
                -3.0,
                6.0,
                -3.0
              ],
              "size": [
                6.0,
                6.0,
                6.0
              ],
              "inflate": 0.0,
              "uv": [
                0.0,
                0.0
              ],
              "mirror": false
            }
          ]
        },
        {
          "name": "body1",
          "pivot": [
            0.0,
            9.0,
            9.0
          ],
          "rotation": [
            0.0,
            0.0,
            0.0
          ],
          "cubes": [
            {
              "origin": [
                -5.0,
                5.0,
                3.0
              ],
              "size": [
                10.0,
                8.0,
                12.0
              ],
              "inflate": 0.0,
              "uv": [
                0.0,
                12.0
              ],
              "mirror": false
            }
          ]
        },
        {
          "name": "left_hind_leg",
          "pivot": [
            4.0,
            9.0,
            2.0
          ],
          "rotation": [
            0.0,
            0.0,
            0.0
          ],
          "cubes": [
            {
              "origin": [
                3.0,
                8.0,
                1.0
              ],
              "size": [
                16.0,
                2.0,
                2.0
              ],
              "inflate": 0.0,
              "uv": [
                18.0,
                0.0
              ],
              "mirror": true
            }
          ]
        },
        {
          "name": "right_middle_hind_leg",
          "pivot": [
            -4.0,
            9.0,
            1.0
          ],
          "rotation": [
            0.0,
            0.0,
            0.0
          ],
          "cubes": [
            {
              "origin": [
                -19.0,
                8.0,
                0.0
              ],
              "size": [
                16.0,
                2.0,
                2.0
              ],
              "inflate": 0.0,
              "uv": [
                18.0,
                0.0
              ],
              "mirror": false
            }
          ]
        },
        {
          "name": "right_middle_front_leg",
          "pivot": [
            -4.0,
            9.0,
            0.0
          ],
          "rotation": [
            0.0,
            0.0,
            0.0
          ],
          "cubes": [
            {
              "origin": [
                -19.0,
                8.0,
                -1.0
              ],
              "size": [
                16.0,
                2.0,
                2.0
              ],
              "inflate": 0.0,
              "uv": [
                18.0,
                0.0
              ],
              "mirror": false
            }
          ]
        },
        {
          "name": "left_middle_hind_leg",
          "pivot": [
            4.0,
            9.0,
            1.0
          ],
          "rotation": [
            0.0,
            0.0,
            0.0
          ],
          "cubes": [
            {
              "origin": [
                3.0,
                8.0,
                0.0
              ],
              "size": [
                16.0,
                2.0,
                2.0
              ],
              "inflate": 0.0,
              "uv": [
                18.0,
                0.0
              ],
              "mirror": true
            }
          ]
        },
        {
          "name": "left_front_leg",
          "pivot": [
            4.0,
            9.0,
            -1.0
          ],
          "rotation": [
            0.0,
            0.0,
            0.0
          ],
          "cubes": [
            {
              "origin": [
                3.0,
                8.0,
                -2.0
              ],
              "size": [
                16.0,
                2.0,
                2.0
              ],
              "inflate": 0.0,
              "uv": [
                18.0,
                0.0
              ],
              "mirror": true
            }
          ]
        }
      ]
    }
  ]
}