{
  "format_version": "1.12.0",
  "minecraft:geometry": [
    {
      "description": {
        "identifier": "minecraft:chicken#main",
        "texture_width": 64,
        "texture_height": 32
      },
      "bones": [
        {
          "name": "head",
          "pivot": [
            0.0,
            9.0,
            -4.0
          ],
          "rotation": [
            0.0,
            0.0,
            0.0
          ],
          "cubes": [
            {
              "origin": [
                -2.0,
                9.0,
                -6.0
              ],
              "size": [
                4.0,
                6.0,
                3.0
              ],
              "inflate": 0.0,
              "uv": [
                0.0,
                0.0
              ],
              "mirror": false
            }
          ]
        },
        {
          "name": "beak",
          "pivot": [
            0.0,
            9.0,
            -4.0
          ],
          "rotation": [
            0.0,
            0.0,
            0.0
          ],
          "cubes": [
            {
              "origin": [
                -2.0,
                11.0,
                -8.0
              ],
              "size": [
                4.0,
                2.0,
                2.0
              ],
              "inflate": 0.0,
              "uv": [
                14.0,
                0.0
              ],
              "mirror": false
            }
          ]
        },
        {
          "name": "left_leg",
          "pivot": [
            1.0,
            5.0,
            1.0
          ],
          "rotation": [
            0.0,
            0.0,
            0.0
          ],
          "cubes": [
            {
              "origin": [
                0.0,
                -0.0,
                -2.0
              ],
              "size": [
                3.0,
                5.0,
                3.0
              ],
              "inflate": 0.0,
              "uv": [
                26.0,
                0.0
              ],
              "mirror": false
            }
          ]
        },
        {
          "name": "right_leg",
          "pivot": [
            -2.0,
            5.0,
            1.0
          ],
          "rotation": [
            0.0,
            0.0,
            0.0
          ],
          "cubes": [
            {
              "origin": [
                -3.0,
                -0.0,
                -2.0
              ],
              "size": [
                3.0,
                5.0,
                3.0
              ],
              "inflate": 0.0,
              "uv": [
                26.0,
                0.0
              ],
              "mirror": false
            }
          ]
        },
        {
          "name": "right_wing",
          "pivot": [
            -4.0,
            11.0,
            0.0
          ],
          "rotation": [
            0.0,
            0.0,
            0.0
          ],
          "cubes": [
            {
              "origin": [
                -4.0,
                7.0,
                -3.0
              ],
              "size": [
                1.0,
                4.0,
                6.0
              ],
              "inflate": 0.0,
              "uv": [
                24.0,
                13.0
              ],
              "mirror": false
            }
          ]
        },
        {
          "name": "left_wing",
          "pivot": [
            4.0,
            11.0,
            0.0
          ],
          "rotation": [
            0.0,
            0.0,
            0.0
          ],
          "cubes": [
            {
              "origin": [
                3.0,
                7.0,
                -3.0
              ],
              "size": [
                1.0,
                4.0,
                6.0
              ],
              "inflate": 0.0,
              "uv": [
                24.0,
                13.0
              ],
              "mirror": false
            }
          ]
        },
        {
          "name": "body",
          "pivot": [
            0.0,
            8.0,
            0.0
          ],
          "rotation": [
            90.00000250447816,
            0.0,
            0.0
          ],
          "cubes": [
            {
              "origin": [
                -3.0,
                4.0,
                -3.0
              ],
              "size": [
                6.0,
                8.0,
                6.0
              ],
              "inflate": 0.0,
              "uv": [
                0.0,
                9.0
              ],
              "mirror": false
            }
          ]
        },
        {
          "name": "red_thing",
          "pivot": [
            0.0,
            9.0,
            -4.0
          ],
          "rotation": [
            0.0,
            0.0,
            0.0
          ],
          "cubes": [
            {
              "origin": [
                -1.0,
                9.0,
                -7.0
              ],
              "size": [
                2.0,
                2.0,
                2.0
              ],
              "inflate": 0.0,
              "uv": [
                14.0,
                4.0
              ],
              "mirror": false
            }
          ]
        }
      ]
    }
  ]
}