{
  "format_version": "1.12.0",
  "minecraft:geometry": [
    {
      "description": {
        "identifier": "minecraft:cod#main",
        "texture_width": 32,
        "texture_height": 32
      },
      "bones": [
        {
          "name": "head",
          "pivot": [
            0.0,
            2.0,
            0.0
          ],
          "rotation": [
            0.0,
            0.0,
            0.0
          ],
          "cubes": [
            {
              "origin": [
                -1.0,
                -0.0,
                -3.0
              ],
              "size": [
                2.0,
                4.0,
                3.0
              ],
              "inflate": 0.0,
              "uv": [
                11.0,
                0.0
              ],
              "mirror": false
            }
          ]
        },
        {
          "name": "nose",
          "pivot": [
            0.0,
            2.0,
            -3.0
          ],
          "rotation": [
            0.0,
            0.0,
            0.0
          ],
          "cubes": [
            {
              "origin": [
                -1.0,
                1.0,
                -4.0
              ],
              "size": [
                2.0,
                3.0,
                1.0
              ],
              "inflate": 0.0,
              "uv": [
                0.0,
                0.0
              ],
              "mirror": false
            }
          ]
        },
        {
          "name": "left_fin",
          "pivot": [
            1.0,
            1.0,
            0.0
          ],
          "rotation": [
            0.0,
            0.0,
            45.00000125223908
          ],
          "cubes": [
            {
              "origin": [
                1.0,
                1.0,
                -1.0
              ],
              "size": [
                2.0,
                0.0,
                2.0
              ],
              "inflate": 0.0,
              "uv": [
                22.0,
                4.0
              ],
              "mirror": false
            }
          ]
        },
        {
          "name": "top_fin",
          "pivot": [
            0.0,
            4.0,
            0.0
          ],
          "rotation": [
            0.0,
            0.0,
            0.0
          ],
          "cubes": [
            {
              "origin": [
                0.0,
                4.0,
                -1.0
              ],
              "size": [
                0.0,
                1.0,
                6.0
              ],
              "inflate": 0.0,
              "uv": [
                20.0,
                -6.0
              ],
              "mirror": false
            }
          ]
        },
        {
          "name": "right_fin",
          "pivot": [
            -1.0,
            1.0,
            0.0
          ],
          "rotation": [
            0.0,
            0.0,
            -45.00000125223908
          ],
          "cubes": [
            {
              "origin": [
                -3.0,
                1.0,
                -1.0
              ],
              "size": [
                2.0,
                0.0,
                2.0
              ],
              "inflate": 0.0,
              "uv": [
                22.0,
                1.0
              ],
              "mirror": false
            }
          ]
        },
        {
          "name": "body",
          "pivot": [
            0.0,
            2.0,
            0.0
          ],
          "rotation": [
            0.0,
            0.0,
            0.0
          ],
          "cubes": [
            {
              "origin": [
                -1.0,
                -0.0,
                0.0
              ],
              "size": [
                2.0,
                4.0,
                7.0
              ],
              "inflate": 0.0,
              "uv": [
                0.0,
                0.0
              ],
              "mirror": false
            }
          ]
        },
        {
          "name": "tail_fin",
          "pivot": [
            0.0,
            2.0,
            7.0
          ],
          "rotation": [
            0.0,
            0.0,
            0.0
          ],
          "cubes": [
            {
              "origin": [
                0.0,
                -0.0,
                7.0
              ],
              "size": [
                0.0,
                4.0,
                4.0
              ],
              "inflate": 0.0,
              "uv": [
                22.0,
                3.0
              ],
              "mirror": false
            }
          ]
        }
      ]
    }
  ]
}