{
  "format_version": "1.12.0",
  "minecraft:geometry": [
    {
      "description": {
        "identifier": "minecraft:dolphin#main",
        "texture_width": 64,
        "texture_height": 64
      },
      "bones": [
        {
          "name": "body",
          "pivot": [
            0.0,
            2.0,
            -5.0
          ],
          "rotation": [
            0.0,
            0.0,
            0.0
          ],
          "cubes": [
            {
              "origin": [
                -4.0,
                2.0,
                -5.0
              ],
              "size": [
                8.0,
                7.0,
                13.0
              ],
              "inflate": 0.0,
              "uv": [
                22.0,
                0.0
              ],
              "mirror": false
            }
          ]
        },
        {
          "name": "head",
          "parent": "body",
          "pivot": [
            0.0,
            6.0,
            -8.0
          ],
          "rotation": [
            0.0,
            0.0,
            0.0
          ],
          "cubes": [
            {
              "origin": [
                -4.0,
                2.0,
                -11.0
              ],
              "size": [
                8.0,
                7.0,
                6.0
              ],
              "inflate": 0.0,
              "uv": [
                0.0,
                0.0
              ],
              "mirror": false
            }
          ]
        },
        {
          "name": "nose",
          "parent": "head",
          "pivot": [
            0.0,
            6.0,
            -8.0
          ],
          "rotation": [
            0.0,
            0.0,
            0.0
          ],
          "cubes": [
            {
              "origin": [
                -1.0,
                2.0,
                -15.0
              ],
              "size": [
                2.0,
                2.0,
                4.0
              ],
              "inflate": 0.0,
              "uv": [
                0.0,
                13.0
              ],
              "mirror": false
            }
          ]
        },
        {
          "name": "left_fin",
          "parent": "body",
          "pivot": [
            2.0,
            4.0,
            -1.0
          ],
          "rotation": [
            60.000001669652114,
            0.0,
            120.00000333930423
          ],
          "cubes": [
            {
              "origin": [
                1.5,
                4.0,
                -1.0
              ],
              "size": [
                1.0,
                4.0,
                7.0
              ],
              "inflate": 0.0,
              "uv": [
                48.0,
                20.0
              ],
              "mirror": true
            }
          ]
        },
        {
          "name": "right_fin",
          "parent": "body",
          "pivot": [
            -2.0,
            4.0,
            -1.0
          ],
          "rotation": [
            60.000001669652114,
            0.0,
            -120.00000333930423
          ],
          "cubes": [
            {
              "origin": [
                -2.5,
                4.0,
                -1.0
              ],
              "size": [
                1.0,
                4.0,
                7.0
              ],
              "inflate": 0.0,
              "uv": [
                48.0,
                20.0
              ],
              "mirror": false
            }
          ]
        },
        {
          "name": "tail",
          "parent": "body",
          "pivot": [
            0.0,
            4.5,
            6.0
          ],
          "rotation": [
            -6.000000166965211,
            0.0,
            0.0
          ],
          "cubes": [
            {
              "origin": [
                -2.0,
                2.0,
                6.0
              ],
              "size": [
                4.0,
                5.0,
                11.0
              ],
              "inflate": 0.0,
              "uv": [
                0.0,
                19.0
              ],
              "mirror": false
            }
          ]
        },
        {
          "name": "tail_fin",
          "parent": "tail",
          "pivot": [
            0.0,
            4.5,
            15.0
          ],
          "rotation": [
            0.0,
            0.0,
            0.0
          ],
          "cubes": [
            {
              "origin": [
                -5.0,
                4.0,
                15.0
              ],
              "size": [
                10.0,
                1.0,
                6.0
              ],
              "inflate": 0.0,
              "uv": [
                19.0,
                20.0
              ],
              "mirror": false
            }
          ]
        },
        {
          "name": "back_fin",
          "parent": "body",
          "pivot": [
            0.0,
            2.0,
            -5.0
          ],
          "rotation": [
            60.000001669652114,
            0.0,
            0.0
          ],
          "cubes": [
            {
              "origin": [
                -0.5,
                -2.0,
                3.0
              ],
              "size": [
                1.0,
                4.0,
                5.0
              ],
              "inflate": 0.0,
              "uv": [
                51.0,
                0.0
              ],
              "mirror": false
            }
          ]
        }
      ]
    }
  ]
}