{
  "format_version": "1.12.0",
  "minecraft:geometry": [
    {
      "description": {
        "identifier": "minecraft:dragon_skull#main",
        "texture_width": 256,
        "texture_height": 256
      },
      "bones": [
        {
          "name": "head",
          "pivot": [
            0.0,
            24.0,
            0.0
          ],
          "rotation": [
            0.0,
            0.0,
            0.0
          ],
          "cubes": [
            {
              "origin": [
                -6.0,
                20.0,
                -24.0
              ],
              "size": [
                12.0,
                5.0,
                16.0
              ],
              "inflate": 0.0,
              "uv": [
                176.0,
                44.0
              ],
              "mirror": false
            },
            {
              "origin": [
                -8.0,
                16.0,
                -10.0
              ],
              "size": [
                16.0,
                16.0,
                16.0
              ],
              "inflate": 0.0,
              "uv": [
                112.0,
                30.0
              ],
              "mirror": false
            },
            {
              "origin": [
                -5.0,
                32.0,
                -4.0
              ],
              "size": [
                2.0,
                4.0,
                6.0
              ],
              "inflate": 0.0,
              "uv": [
                0.0,
                0.0
              ],
              "mirror": true
            },
            {
              "origin": [
                -5.0,
                25.0,
                -22.0
              ],
              "size": [
                2.0,
                2.0,
                4.0
              ],
              "inflate": 0.0,
              "uv": [
                112.0,
                0.0
              ],
              "mirror": true
            },
            {
              "origin": [
                3.0,
                32.0,
                -4.0
              ],
              "size": [
                2.0,
                4.0,
                6.0
              ],
              "inflate": 0.0,
              "uv": [
                0.0,
                0.0
              ],
              "mirror": false
            },
            {
              "origin": [
                3.0,
                25.0,
                -22.0
              ],
              "size": [
                2.0,
                2.0,
                4.0
              ],
              "inflate": 0.0,
              "uv": [
                112.0,
                0.0
              ],
              "mirror": false
            }
          ]
        },
        {
          "name": "jaw",
          "parent": "head",
          "pivot": [
            0.0,
            20.0,
            -8.0
          ],
          "rotation": [
            0.0,
            0.0,
            0.0
          ],
          "cubes": [
            {
              "origin": [
                -6.0,
                16.0,
                -24.0
              ],
              "size": [
                12.0,
                4.0,
                16.0
              ],
              "inflate": 0.0,
              "uv": [
                176.0,
                65.0
              ],
              "mirror": false
            }
          ]
        }
      ]
    }
  ]
}