{
  "format_version": "1.12.0",
  "minecraft:geometry": [
    {
      "description": {
        "identifier": "minecraft:elytra#main",
        "texture_width": 64,
        "texture_height": 32
      },
      "bones": [
        {
          "name": "right_wing",
          "pivot": [
            -5.0,
            24.0,
            0.0
          ],
          "rotation": [
            15.000000417413029,
            0.0,
            15.000000417413029
          ],
          "cubes": [
            {
              "origin": [
                -5.0,
                4.0,
                0.0
              ],
              "size": [
                10.0,
                20.0,
                2.0
              ],
              "inflate": 1.0,
              "uv": [
                22.0,
                0.0
              ],
              "mirror": true
            }
          ]
        },
        {
          "name": "left_wing",
          "pivot": [
            5.0,
            24.0,
            0.0
          ],
          "rotation": [
            15.000000417413029,
            0.0,
            -15.000000417413029
          ],
          "cubes": [
            {
              "origin": [
                -5.0,
                4.0,
                0.0
              ],
              "size": [
                10.0,
                20.0,
                2.0
              ],
              "inflate": 1.0,
              "uv": [
                22.0,
                0.0
              ],
              "mirror": false
            }
          ]
        }
      ]
    }
  ]
}