{
  "format_version": "1.12.0",
  "minecraft:geometry": [
    {
      "description": {
        "identifier": "minecraft:endermite#main",
        "texture_width": 64,
        "texture_height": 32
      },
      "bones": [
        {
          "name": "segment2",
          "pivot": [
            0.0,
            3.0,
            3.0
          ],
          "rotation": [
            0.0,
            0.0,
            0.0
          ],
          "cubes": [
            {
              "origin": [
                -1.5,
                -0.0,
                2.5
              ],
              "size": [
                3.0,
                3.0,
                1.0
              ],
              "inflate": 0.0,
              "uv": [
                0.0,
                14.0
              ],
              "mirror": false
            }
          ]
        },
        {
          "name": "segment1",
          "pivot": [
            0.0,
            4.0,
            0.0
          ],
          "rotation": [
            0.0,
            0.0,
            0.0
          ],
          "cubes": [
            {
              "origin": [
                -3.0,
                -0.0,
                -2.5
              ],
              "size": [
                6.0,
                4.0,
                5.0
              ],
              "inflate": 0.0,
              "uv": [
                0.0,
                5.0
              ],
              "mirror": false
            }
          ]
        },
        {
          "name": "segment0",
          "pivot": [
            0.0,
            3.0,
            -3.5
          ],
          "rotation": [
            0.0,
            0.0,
            0.0
          ],
          "cubes": [
            {
              "origin": [
                -2.0,
                -0.0,
                -4.5
              ],
              "size": [
                4.0,
                3.0,
                2.0
              ],
              "inflate": 0.0,
              "uv": [
                0.0,
                0.0
              ],
              "mirror": false
            }
          ]
        },
        {
          "name": "segment3",
          "pivot": [
            0.0,
            2.0,
            4.0
          ],
          "rotation": [
            0.0,
            0.0,
            0.0
          ],
          "cubes": [
            {
              "origin": [
                -0.5,
                -0.0,
                3.5
              ],
              "size": [
                1.0,
                2.0,
                1.0
              ],
              "inflate": 0.0,
              "uv": [
                0.0,
                18.0
              ],
              "mirror": false
            }
          ]
        }
      ]
    }
  ]
}