{
  "format_version": "1.12.0",
  "minecraft:geometry": [
    {
      "description": {
        "identifier": "minecraft:evoker_fangs#main",
        "texture_width": 64,
        "texture_height": 32
      },
      "bones": [
        {
          "name": "lower_jaw",
          "pivot": [
            -1.5,
            -0.0,
            4.0
          ],
          "rotation": [
            0.0,
            180.00000500895632,
            0.0
          ],
          "cubes": [
            {
              "origin": [
                -1.5,
                -14.0,
                4.0
              ],
              "size": [
                4.0,
                14.0,
                8.0
              ],
              "inflate": 0.0,
              "uv": [
                40.0,
                0.0
              ],
              "mirror": false
            }
          ]
        },
        {
          "name": "upper_jaw",
          "pivot": [
            1.5,
            -0.0,
            -4.0
          ],
          "rotation": [
            0.0,
            0.0,
            0.0
          ],
          "cubes": [
            {
              "origin": [
                1.5,
                -14.0,
                -4.0
              ],
              "size": [
                4.0,
                14.0,
                8.0
              ],
              "inflate": 0.0,
              "uv": [
                40.0,
                0.0
              ],
              "mirror": false
            }
          ]
        },
        {
          "name": "base",
          "pivot": [
            -5.0,
            -0.0,
            -5.0
          ],
          "rotation": [
            0.0,
            0.0,
            0.0
          ],
          "cubes": [
            {
              "origin": [
                -5.0,
                -12.0,
                -5.0
              ],
              "size": [
                10.0,
                12.0,
                10.0
              ],
              "inflate": 0.0,
              "uv": [
                0.0,
                0.0
              ],
              "mirror": false
            }
          ]
        }
      ]
    }
  ]
}