{
  "format_version": "1.12.0",
  "minecraft:geometry": [
    {
      "description": {
        "identifier": "minecraft:frog#main",
        "texture_width": 48,
        "texture_height": 48
      },
      "bones": [
        {
          "name": "root",
          "pivot": [
            0.0,
            -0.0,
            0.0
          ],
          "rotation": [
            0.0,
            0.0,
            0.0
          ],
          "cubes": []
        },
        {
          "name": "left_leg",
          "parent": "root",
          "pivot": [
            3.5,
            3.0,
            4.0
          ],
          "rotation": [
            0.0,
            0.0,
            0.0
          ],
          "cubes": [
            {
              "origin": [
                2.5,
                -0.0,
                2.0
              ],
              "size": [
                3.0,
                3.0,
                4.0
              ],
              "inflate": 0.0,
              "uv": [
                14.0,
                25.0
              ],
              "mirror": false
            }
          ]
        },
        {
          "name": "left_foot",
          "parent": "left_leg",
          "pivot": [
            5.5,
            -0.0,
            4.0
          ],
          "rotation": [
            0.0,
            0.0,
            0.0
          ],
          "cubes": [
            {
              "origin": [
                1.5,
                -0.01,
                0.0
              ],
              "size": [
                8.0,
                0.0,
                8.0
              ],
              "inflate": 0.0,
              "uv": [
                2.0,
                32.0
              ],
              "mirror": false
            }
          ]
        },
        {
          "name": "right_leg",
          "parent": "root",
          "pivot": [
            -3.5,
            3.0,
            4.0
          ],
          "rotation": [
            0.0,
            0.0,
            0.0
          ],
          "cubes": [
            {
              "origin": [
                -5.5,
                -0.0,
                2.0
              ],
              "size": [
                3.0,
                3.0,
                4.0
              ],
              "inflate": 0.0,
              "uv": [
                0.0,
                25.0
              ],
              "mirror": false
            }
          ]
        },
        {
          "name": "right_foot",
          "parent": "right_leg",
          "pivot": [
            -5.5,
            -0.0,
            4.0
          ],
          "rotation": [
            0.0,
            0.0,
            0.0
          ],
          "cubes": [
            {
              "origin": [
                -9.5,
                -0.01,
                0.0
              ],
              "size": [
                8.0,
                0.0,
                8.0
              ],
              "inflate": 0.0,
              "uv": [
                18.0,
                32.0
              ],
              "mirror": false
            }
          ]
        },
        {
          "name": "body",
          "parent": "root",
          "pivot": [
            0.0,
            2.0,
            4.0
          ],
          "rotation": [
            0.0,
            0.0,
            0.0
          ],
          "cubes": [
            {
              "origin": [
                -3.5,
                1.0,
                -4.0
              ],
              "size": [
                7.0,
                3.0,
                9.0
              ],
              "inflate": 0.0,
              "uv": [
                3.0,
                1.0
              ],
              "mirror": false
            },
            {
              "origin": [
                -3.5,
                3.0,
                -4.0
              ],
              "size": [
                7.0,
                0.0,
                9.0
              ],
              "inflate": 0.0,
              "uv": [
                23.0,
                22.0
              ],
              "mirror": false
            }
          ]
        },
        {
          "name": "head",
          "parent": "body",
          "pivot": [
            0.0,
            4.0,
            3.0
          ],
          "rotation": [
            0.0,
            0.0,
            0.0
          ],
          "cubes": [
            {
              "origin": [
                -3.5,
                5.0,
                -4.0
              ],
              "size": [
                7.0,
                0.0,
                9.0
              ],
              "inflate": 0.0,
              "uv": [
                23.0,
                13.0
              ],
              "mirror": false
            },
            {
              "origin": [
                -3.5,
                3.0,
                -4.0
              ],
              "size": [
                7.0,
                3.0,
                9.0
              ],
              "inflate": 0.0,
              "uv": [
                0.0,
                13.0
              ],
              "mirror": false
            }
          ]
        },
        {
          "name": "eyes",
          "parent": "head",
          "pivot": [
            -0.5,
            4.0,
            5.0
          ],
          "rotation": [
            0.0,
            0.0,
            0.0
          ],
          "cubes": []
        },
        {
          "name": "right_eye",
          "parent": "eyes",
          "pivot": [
            -2.0,
            7.0,
            -1.5
          ],
          "rotation": [
            0.0,
            0.0,
            0.0
          ],
          "cubes": [
            {
              "origin": [
                -3.5,
                6.0,
                -3.0
              ],
              "size": [
                3.0,
                2.0,
                3.0
              ],
              "inflate": 0.0,
              "uv": [
                0.0,
                0.0
              ],
              "mirror": false
            }
          ]
        },
        {
          "name": "left_eye",
          "parent": "eyes",
          "pivot": [
            2.0,
            7.0,
            -1.5
          ],
          "rotation": [
            0.0,
            0.0,
            0.0
          ],
          "cubes": [
            {
              "origin": [
                0.5,
                6.0,
                -3.0
              ],
              "size": [
                3.0,
                2.0,
                3.0
              ],
              "inflate": 0.0,
              "uv": [
                0.0,
                5.0
              ],
              "mirror": false
            }
          ]
        },
        {
          "name": "right_arm",
          "parent": "body",
          "pivot": [
            -4.0,
            3.0,
            -2.5
          ],
          "rotation": [
            0.0,
            0.0,
            0.0
          ],
          "cubes": [
            {
              "origin": [
                -5.0,
                -0.0,
                -3.5
              ],
              "size": [
                2.0,
                3.0,
                3.0
              ],
              "inflate": 0.0,
              "uv": [
                0.0,
                38.0
              ],
              "mirror": false
            }
          ]
        },
        {
          "name": "right_hand",
          "parent": "right_arm",
          "pivot": [
            -4.0,
            -0.0,
            -2.5
          ],
          "rotation": [
            0.0,
            0.0,
            0.0
          ],
          "cubes": [
            {
              "origin": [
                -8.0,
                -0.01,
                -7.5
              ],
              "size": [
                8.0,
                0.0,
                8.0
              ],
              "inflate": 0.0,
              "uv": [
                2.0,
                40.0
              ],
              "mirror": false
            }
          ]
        },
        {
          "name": "tongue",
          "parent": "body",
          "pivot": [
            0.0,
            3.0100002,
            5.0
          ],
          "rotation": [
            0.0,
            0.0,
            0.0
          ],
          "cubes": [
            {
              "origin": [
                -2.0,
                3.0100002,
                -2.1
              ],
              "size": [
                4.0,
                0.0,
                7.0
              ],
              "inflate": 0.0,
              "uv": [
                17.0,
                13.0
              ],
              "mirror": false
            }
          ]
        },
        {
          "name": "left_arm",
          "parent": "body",
          "pivot": [
            4.0,
            3.0,
            -2.5
          ],
          "rotation": [
            0.0,
            0.0,
            0.0
          ],
          "cubes": [
            {
              "origin": [
                3.0,
                -0.0,
                -3.5
              ],
              "size": [
                2.0,
                3.0,
                3.0
              ],
              "inflate": 0.0,
              "uv": [
                0.0,
                32.0
              ],
              "mirror": false
            }
          ]
        },
        {
          "name": "left_hand",
          "parent": "left_arm",
          "pivot": [
            4.0,
            -0.0,
            -3.5
          ],
          "rotation": [
            0.0,
            0.0,
            0.0
          ],
          "cubes": [
            {
              "origin": [
                0.0,
                -0.01,
                -7.5
              ],
              "size": [
                8.0,
                0.0,
                8.0
              ],
              "inflate": 0.0,
              "uv": [
                18.0,
                40.0
              ],
              "mirror": false
            }
          ]
        },
        {
          "name": "croaking_body",
          "parent": "body",
          "pivot": [
            0.0,
            3.0,
            -1.0
          ],
          "rotation": [
            0.0,
            0.0,
            0.0
          ],
          "cubes": [
            {
              "origin": [
                -3.5,
                1.1,
                -3.9
              ],
              "size": [
                7.0,
                2.0,
                3.0
              ],
              "inflate": -0.10000000397364299,
              "uv": [
                26.0,
                5.0
              ],
              "mirror": false
            }
          ]
        }
      ]
    }
  ]
}