{
  "format_version": "1.12.0",
  "minecraft:geometry": [
    {
      "description": {
        "identifier": "minecraft:guardian#main",
        "texture_width": 64,
        "texture_height": 64
      },
      "bones": [
        {
          "name": "head",
          "pivot": [
            0.0,
            24.0,
            0.0
          ],
          "rotation": [
            0.0,
            0.0,
            0.0
          ],
          "cubes": [
            {
              "origin": [
                -6.0,
                2.0,
                -8.0
              ],
              "size": [
                12.0,
                12.0,
                16.0
              ],
              "inflate": 0.0,
              "uv": [
                0.0,
                0.0
              ],
              "mirror": false
            },
            {
              "origin": [
                -8.0,
                2.0,
                -6.0
              ],
              "size": [
                2.0,
                12.0,
                12.0
              ],
              "inflate": 0.0,
              "uv": [
                0.0,
                28.0
              ],
              "mirror": false
            },
            {
              "origin": [
                6.0,
                2.0,
                -6.0
              ],
              "size": [
                2.0,
                12.0,
                12.0
              ],
              "inflate": 0.0,
              "uv": [
                0.0,
                28.0
              ],
              "mirror": true
            },
            {
              "origin": [
                -6.0,
                14.0,
                -6.0
              ],
              "size": [
                12.0,
                2.0,
                12.0
              ],
              "inflate": 0.0,
              "uv": [
                16.0,
                40.0
              ],
              "mirror": false
            },
            {
              "origin": [
                -6.0,
                -0.0,
                -6.0
              ],
              "size": [
                12.0,
                2.0,
                12.0
              ],
              "inflate": 0.0,
              "uv": [
                16.0,
                40.0
              ],
              "mirror": false
            }
          ]
        },
        {
          "name": "spike10",
          "parent": "head",
          "pivot": [
            7.932871,
            0.067129135,
            0.0
          ],
          "rotation": [
            0.0,
            0.0,
            135.00000034162267
          ],
          "cubes": [
            {
              "origin": [
                6.932871,
                -4.432871,
                -1.0
              ],
              "size": [
                2.0,
                9.0,
                2.0
              ],
              "inflate": 0.0,
              "uv": [
                0.0,
                0.0
              ],
              "mirror": false
            }
          ]
        },
        {
          "name": "spike11",
          "parent": "head",
          "pivot": [
            -8.000353,
            -3.528595E-4,
            0.0
          ],
          "rotation": [
            0.0,
            0.0,
            225.00000967629
          ],
          "cubes": [
            {
              "origin": [
                -9.000353,
                -4.500353,
                -1.0
              ],
              "size": [
                2.0,
                9.0,
                2.0
              ],
              "inflate": 0.0,
              "uv": [
                0.0,
                0.0
              ],
              "mirror": false
            }
          ]
        },
        {
          "name": "spike6",
          "parent": "head",
          "pivot": [
            8.076813,
            8.0,
            8.076813
          ],
          "rotation": [
            90.00000250447816,
            225.00000967629,
            0.0
          ],
          "cubes": [
            {
              "origin": [
                7.0768127,
                3.5,
                7.0768127
              ],
              "size": [
                2.0,
                9.0,
                2.0
              ],
              "inflate": 0.0,
              "uv": [
                0.0,
                0.0
              ],
              "mirror": false
            }
          ]
        },
        {
          "name": "spike7",
          "parent": "head",
          "pivot": [
            -8.060315,
            8.0,
            8.060315
          ],
          "rotation": [
            90.00000250447816,
            135.00000034162267,
            0.0
          ],
          "cubes": [
            {
              "origin": [
                -9.060315,
                3.5,
                7.060315
              ],
              "size": [
                2.0,
                9.0,
                2.0
              ],
              "inflate": 0.0,
              "uv": [
                0.0,
                0.0
              ],
              "mirror": false
            }
          ]
        },
        {
          "name": "spike8",
          "parent": "head",
          "pivot": [
            0.0,
            0.011638641,
            7.9883604
          ],
          "rotation": [
            225.00000967629,
            0.0,
            0.0
          ],
          "cubes": [
            {
              "origin": [
                -1.0,
                -4.4883614,
                6.9883604
              ],
              "size": [
                2.0,
                9.0,
                2.0
              ],
              "inflate": 0.0,
              "uv": [
                0.0,
                0.0
              ],
              "mirror": false
            }
          ]
        },
        {
          "name": "spike9",
          "parent": "head",
          "pivot": [
            0.0,
            0.07288933,
            -7.9271107
          ],
          "rotation": [
            135.00000034162267,
            0.0,
            0.0
          ],
          "cubes": [
            {
              "origin": [
                -1.0,
                -4.4271107,
                -8.927111
              ],
              "size": [
                2.0,
                9.0,
                2.0
              ],
              "inflate": 0.0,
              "uv": [
                0.0,
                0.0
              ],
              "mirror": false
            }
          ]
        },
        {
          "name": "eye",
          "parent": "head",
          "pivot": [
            0.0,
            24.0,
            -8.25
          ],
          "rotation": [
            0.0,
            0.0,
            0.0
          ],
          "cubes": [
            {
              "origin": [
                -1.0,
                7.0,
                -8.25
              ],
              "size": [
                2.0,
                2.0,
                1.0
              ],
              "inflate": 0.0,
              "uv": [
                8.0,
                0.0
              ],
              "mirror": false
            }
          ]
        },
        {
          "name": "tail0",
          "parent": "head",
          "pivot": [
            0.0,
            24.0,
            0.0
          ],
          "rotation": [
            0.0,
            0.0,
            0.0
          ],
          "cubes": [
            {
              "origin": [
                -2.0,
                6.0,
                7.0
              ],
              "size": [
                4.0,
                4.0,
                8.0
              ],
              "inflate": 0.0,
              "uv": [
                40.0,
                0.0
              ],
              "mirror": false
            }
          ]
        },
        {
          "name": "tail1",
          "parent": "tail0",
          "pivot": [
            -1.5,
            23.5,
            14.0
          ],
          "rotation": [
            0.0,
            0.0,
            0.0
          ],
          "cubes": [
            {
              "origin": [
                -1.5,
                6.5,
                14.0
              ],
              "size": [
                3.0,
                3.0,
                7.0
              ],
              "inflate": 0.0,
              "uv": [
                0.0,
                54.0
              ],
              "mirror": false
            }
          ]
        },
        {
          "name": "tail2",
          "parent": "tail1",
          "pivot": [
            -1.0,
            23.0,
            20.0
          ],
          "rotation": [
            0.0,
            0.0,
            0.0
          ],
          "cubes": [
            {
              "origin": [
                -1.0,
                7.0,
                20.0
              ],
              "size": [
                2.0,
                2.0,
                6.0
              ],
              "inflate": 0.0,
              "uv": [
                41.0,
                32.0
              ],
              "mirror": false
            },
            {
              "origin": [
                0.0,
                3.5,
                23.0
              ],
              "size": [
                1.0,
                9.0,
                9.0
              ],
              "inflate": 0.0,
              "uv": [
                25.0,
                19.0
              ],
              "mirror": false
            }
          ]
        },
        {
          "name": "spike0",
          "parent": "head",
          "pivot": [
            0.0,
            16.08,
            8.08
          ],
          "rotation": [
            315.0000190109573,
            0.0,
            0.0
          ],
          "cubes": [
            {
              "origin": [
                -1.0,
                11.58,
                7.08
              ],
              "size": [
                2.0,
                9.0,
                2.0
              ],
              "inflate": 0.0,
              "uv": [
                0.0,
                0.0
              ],
              "mirror": false
            }
          ]
        },
        {
          "name": "spike1",
          "parent": "head",
          "pivot": [
            0.0,
            16.043226,
            -8.043226
          ],
          "rotation": [
            45.00000125223908,
            0.0,
            0.0
          ],
          "cubes": [
            {
              "origin": [
                -1.0,
                11.543226,
                -9.043226
              ],
              "size": [
                2.0,
                9.0,
                2.0
              ],
              "inflate": 0.0,
              "uv": [
                0.0,
                0.0
              ],
              "mirror": false
            }
          ]
        },
        {
          "name": "spike2",
          "parent": "head",
          "pivot": [
            7.9667134,
            15.966713,
            0.0
          ],
          "rotation": [
            0.0,
            0.0,
            45.00000125223908
          ],
          "cubes": [
            {
              "origin": [
                6.9667134,
                11.466713,
                -1.0
              ],
              "size": [
                2.0,
                9.0,
                2.0
              ],
              "inflate": 0.0,
              "uv": [
                0.0,
                0.0
              ],
              "mirror": false
            }
          ]
        },
        {
          "name": "spike3",
          "parent": "head",
          "pivot": [
            -7.9208007,
            15.920801,
            0.0
          ],
          "rotation": [
            0.0,
            0.0,
            315.0000190109573
          ],
          "cubes": [
            {
              "origin": [
                -8.920801,
                11.420801,
                -1.0
              ],
              "size": [
                2.0,
                9.0,
                2.0
              ],
              "inflate": 0.0,
              "uv": [
                0.0,
                0.0
              ],
              "mirror": false
            }
          ]
        },
        {
          "name": "spike4",
          "parent": "head",
          "pivot": [
            -7.9477057,
            8.0,
            -7.9477057
          ],
          "rotation": [
            90.00000250447816,
            45.00000125223908,
            0.0
          ],
          "cubes": [
            {
              "origin": [
                -8.947706,
                3.5,
                -8.947706
              ],
              "size": [
                2.0,
                9.0,
                2.0
              ],
              "inflate": 0.0,
              "uv": [
                0.0,
                0.0
              ],
              "mirror": false
            }
          ]
        },
        {
          "name": "spike5",
          "parent": "head",
          "pivot": [
            8.022686,
            8.0,
            -8.022686
          ],
          "rotation": [
            90.00000250447816,
            315.0000190109573,
            0.0
          ],
          "cubes": [
            {
              "origin": [
                7.022686,
                3.5,
                -9.022686
              ],
              "size": [
                2.0,
                9.0,
                2.0
              ],
              "inflate": 0.0,
              "uv": [
                0.0,
                0.0
              ],
              "mirror": false
            }
          ]
        }
      ]
    }
  ]
}