{
  "format_version": "1.12.0",
  "minecraft:geometry": [
    {
      "description": {
        "identifier": "minecraft:horse#main",
        "texture_width": 64,
        "texture_height": 64
      },
      "bones": [
        {
          "name": "right_front_leg",
          "pivot": [
            -4.0,
            10.0,
            -12.0
          ],
          "rotation": [
            0.0,
            0.0,
            0.0
          ],
          "cubes": [
            {
              "origin": [
                -5.0,
                0.010000229,
                -13.9
              ],
              "size": [
                4.0,
                11.0,
                4.0
              ],
              "inflate": 0.0,
              "uv": [
                48.0,
                21.0
              ],
              "mirror": false
            }
          ]
        },
        {
          "name": "right_hind_baby_leg",
          "pivot": [
            -4.0,
            10.0,
            7.0
          ],
          "rotation": [
            0.0,
            0.0,
            0.0
          ],
          "cubes": [
            {
              "origin": [
                -5.0,
                0.010000229,
                6.0
              ],
              "size": [
                4.0,
                11.0,
                4.0
              ],
              "inflate": 1.8333333333333333,
              "uv": [
                48.0,
                21.0
              ],
              "mirror": false
            }
          ]
        },
        {
          "name": "left_front_baby_leg",
          "pivot": [
            4.0,
            10.0,
            -12.0
          ],
          "rotation": [
            0.0,
            0.0,
            0.0
          ],
          "cubes": [
            {
              "origin": [
                1.0,
                0.010000229,
                -13.9
              ],
              "size": [
                4.0,
                11.0,
                4.0
              ],
              "inflate": 1.8333333333333333,
              "uv": [
                48.0,
                21.0
              ],
              "mirror": true
            }
          ]
        },
        {
          "name": "right_hind_leg",
          "pivot": [
            -4.0,
            10.0,
            7.0
          ],
          "rotation": [
            0.0,
            0.0,
            0.0
          ],
          "cubes": [
            {
              "origin": [
                -5.0,
                0.010000229,
                6.0
              ],
              "size": [
                4.0,
                11.0,
                4.0
              ],
              "inflate": 0.0,
              "uv": [
                48.0,
                21.0
              ],
              "mirror": false
            }
          ]
        },
        {
          "name": "right_front_baby_leg",
          "pivot": [
            -4.0,
            10.0,
            -12.0
          ],
          "rotation": [
            0.0,
            0.0,
            0.0
          ],
          "cubes": [
            {
              "origin": [
                -5.0,
                0.010000229,
                -13.9
              ],
              "size": [
                4.0,
                11.0,
                4.0
              ],
              "inflate": 1.8333333333333333,
              "uv": [
                48.0,
                21.0
              ],
              "mirror": false
            }
          ]
        },
        {
          "name": "head_parts",
          "pivot": [
            0.0,
            20.0,
            -12.0
          ],
          "rotation": [
            30.000000834826057,
            0.0,
            0.0
          ],
          "cubes": [
            {
              "origin": [
                -2.05,
                14.0,
                -14.0
              ],
              "size": [
                4.0,
                12.0,
                7.0
              ],
              "inflate": 0.0,
              "uv": [
                0.0,
                35.0
              ],
              "mirror": false
            }
          ]
        },
        {
          "name": "head",
          "parent": "head_parts",
          "pivot": [
            0.0,
            20.0,
            -12.0
          ],
          "rotation": [
            0.0,
            0.0,
            0.0
          ],
          "cubes": [
            {
              "origin": [
                -3.0,
                26.0,
                -14.0
              ],
              "size": [
                6.0,
                5.0,
                7.0
              ],
              "inflate": 0.0,
              "uv": [
                0.0,
                13.0
              ],
              "mirror": false
            }
          ]
        },
        {
          "name": "right_ear",
          "parent": "head",
          "pivot": [
            0.0,
            20.0,
            -12.0
          ],
          "rotation": [
            0.0,
            0.0,
            0.0
          ],
          "cubes": [
            {
              "origin": [
                -2.55,
                30.0,
                -8.0
              ],
              "size": [
                2.0,
                3.0,
                1.0
              ],
              "inflate": -0.001000000008692344,
              "uv": [
                19.0,
                16.0
              ],
              "mirror": false
            }
          ]
        },
        {
          "name": "left_ear",
          "parent": "head",
          "pivot": [
            0.0,
            20.0,
            -12.0
          ],
          "rotation": [
            0.0,
            0.0,
            0.0
          ],
          "cubes": [
            {
              "origin": [
                0.55,
                30.0,
                -8.0
              ],
              "size": [
                2.0,
                3.0,
                1.0
              ],
              "inflate": -0.001000000008692344,
              "uv": [
                19.0,
                16.0
              ],
              "mirror": false
            }
          ]
        },
        {
          "name": "left_saddle_mouth",
          "parent": "head_parts",
          "pivot": [
            0.0,
            20.0,
            -12.0
          ],
          "rotation": [
            0.0,
            0.0,
            0.0
          ],
          "cubes": [
            {
              "origin": [
                2.0,
                27.0,
                -18.0
              ],
              "size": [
                1.0,
                2.0,
                2.0
              ],
              "inflate": 0.0,
              "uv": [
                29.0,
                5.0
              ],
              "mirror": false
            }
          ]
        },
        {
          "name": "mouth_saddle_wrap",
          "parent": "head_parts",
          "pivot": [
            0.0,
            20.0,
            -12.0
          ],
          "rotation": [
            0.0,
            0.0,
            0.0
          ],
          "cubes": [
            {
              "origin": [
                -2.0,
                26.0,
                -16.0
              ],
              "size": [
                4.0,
                5.0,
                2.0
              ],
              "inflate": 0.20000000794728598,
              "uv": [
                19.0,
                0.0
              ],
              "mirror": false
            }
          ]
        },
        {
          "name": "right_saddle_line",
          "parent": "head_parts",
          "pivot": [
            0.0,
            20.0,
            -12.0
          ],
          "rotation": [
            -30.000000834826057,
            0.0,
            0.0
          ],
          "cubes": [
            {
              "origin": [
                -3.1,
                23.0,
                -20.0
              ],
              "size": [
                0.0,
                3.0,
                16.0
              ],
              "inflate": 0.0,
              "uv": [
                32.0,
                2.0
              ],
              "mirror": false
            }
          ]
        },
        {
          "name": "mane",
          "parent": "head_parts",
          "pivot": [
            0.0,
            20.0,
            -12.0
          ],
          "rotation": [
            0.0,
            0.0,
            0.0
          ],
          "cubes": [
            {
              "origin": [
                -1.0,
                15.0,
                -6.99
              ],
              "size": [
                2.0,
                16.0,
                2.0
              ],
              "inflate": 0.0,
              "uv": [
                56.0,
                36.0
              ],
              "mirror": false
            }
          ]
        },
        {
          "name": "right_saddle_mouth",
          "parent": "head_parts",
          "pivot": [
            0.0,
            20.0,
            -12.0
          ],
          "rotation": [
            0.0,
            0.0,
            0.0
          ],
          "cubes": [
            {
              "origin": [
                -3.0,
                27.0,
                -18.0
              ],
              "size": [
                1.0,
                2.0,
                2.0
              ],
              "inflate": 0.0,
              "uv": [
                29.0,
                5.0
              ],
              "mirror": false
            }
          ]
        },
        {
          "name": "left_saddle_line",
          "parent": "head_parts",
          "pivot": [
            0.0,
            20.0,
            -12.0
          ],
          "rotation": [
            -30.000000834826057,
            0.0,
            0.0
          ],
          "cubes": [
            {
              "origin": [
                3.1,
                23.0,
                -20.0
              ],
              "size": [
                0.0,
                3.0,
                16.0
              ],
              "inflate": 0.0,
              "uv": [
                32.0,
                2.0
              ],
              "mirror": false
            }
          ]
        },
        {
          "name": "upper_mouth",
          "parent": "head_parts",
          "pivot": [
            0.0,
            20.0,
            -12.0
          ],
          "rotation": [
            0.0,
            0.0,
            0.0
          ],
          "cubes": [
            {
              "origin": [
                -2.0,
                26.0,
                -19.0
              ],
              "size": [
                4.0,
                5.0,
                5.0
              ],
              "inflate": 0.0,
              "uv": [
                0.0,
                25.0
              ],
              "mirror": false
            }
          ]
        },
        {
          "name": "head_saddle",
          "parent": "head_parts",
          "pivot": [
            0.0,
            20.0,
            -12.0
          ],
          "rotation": [
            0.0,
            0.0,
            0.0
          ],
          "cubes": [
            {
              "origin": [
                -3.0,
                26.0,
                -13.9
              ],
              "size": [
                6.0,
                5.0,
                6.0
              ],
              "inflate": 0.21999998887379965,
              "uv": [
                1.0,
                1.0
              ],
              "mirror": false
            }
          ]
        },
        {
          "name": "left_hind_leg",
          "pivot": [
            4.0,
            10.0,
            7.0
          ],
          "rotation": [
            0.0,
            0.0,
            0.0
          ],
          "cubes": [
            {
              "origin": [
                1.0,
                0.010000229,
                6.0
              ],
              "size": [
                4.0,
                11.0,
                4.0
              ],
              "inflate": 0.0,
              "uv": [
                48.0,
                21.0
              ],
              "mirror": true
            }
          ]
        },
        {
          "name": "body",
          "pivot": [
            0.0,
            13.0,
            5.0
          ],
          "rotation": [
            0.0,
            0.0,
            0.0
          ],
          "cubes": [
            {
              "origin": [
                -5.0,
                11.0,
                -12.0
              ],
              "size": [
                10.0,
                10.0,
                22.0
              ],
              "inflate": 0.050000001986821495,
              "uv": [
                0.0,
                32.0
              ],
              "mirror": false
            }
          ]
        },
        {
          "name": "saddle",
          "parent": "body",
          "pivot": [
            0.0,
            13.0,
            5.0
          ],
          "rotation": [
            0.0,
            0.0,
            0.0
          ],
          "cubes": [
            {
              "origin": [
                -5.0,
                12.0,
                -4.0
              ],
              "size": [
                10.0,
                9.0,
                9.0
              ],
              "inflate": 0.5,
              "uv": [
                26.0,
                0.0
              ],
              "mirror": false
            }
          ]
        },
        {
          "name": "tail",
          "parent": "body",
          "pivot": [
            0.0,
            18.0,
            7.0
          ],
          "rotation": [
            30.000000834826057,
            0.0,
            0.0
          ],
          "cubes": [
            {
              "origin": [
                -1.5,
                4.0,
                7.0
              ],
              "size": [
                3.0,
                14.0,
                4.0
              ],
              "inflate": 0.0,
              "uv": [
                42.0,
                36.0
              ],
              "mirror": false
            }
          ]
        },
        {
          "name": "left_front_leg",
          "pivot": [
            4.0,
            10.0,
            -12.0
          ],
          "rotation": [
            0.0,
            0.0,
            0.0
          ],
          "cubes": [
            {
              "origin": [
                1.0,
                0.010000229,
                -13.9
              ],
              "size": [
                4.0,
                11.0,
                4.0
              ],
              "inflate": 0.0,
              "uv": [
                48.0,
                21.0
              ],
              "mirror": true
            }
          ]
        },
        {
          "name": "left_hind_baby_leg",
          "pivot": [
            4.0,
            10.0,
            7.0
          ],
          "rotation": [
            0.0,
            0.0,
            0.0
          ],
          "cubes": [
            {
              "origin": [
                1.0,
                0.010000229,
                6.0
              ],
              "size": [
                4.0,
                11.0,
                4.0
              ],
              "inflate": 1.8333333333333333,
              "uv": [
                48.0,
                21.0
              ],
              "mirror": true
            }
          ]
        }
      ]
    }
  ]
}