{
  "format_version": "1.12.0",
  "minecraft:geometry": [
    {
      "description": {
        "identifier": "minecraft:llama#main",
        "texture_width": 128,
        "texture_height": 64
      },
      "bones": [
        {
          "name": "head",
          "pivot": [
            0.0,
            17.0,
            -6.0
          ],
          "rotation": [
            0.0,
            0.0,
            0.0
          ],
          "cubes": [
            {
              "origin": [
                -2.0,
                27.0,
                -16.0
              ],
              "size": [
                4.0,
                4.0,
                9.0
              ],
              "inflate": 0.0,
              "uv": [
                0.0,
                0.0
              ],
              "mirror": false
            },
            {
              "origin": [
                -4.0,
                15.0,
                -12.0
              ],
              "size": [
                8.0,
                18.0,
                6.0
              ],
              "inflate": 0.0,
              "uv": [
                0.0,
                14.0
              ],
              "mirror": false
            },
            {
              "origin": [
                -4.0,
                33.0,
                -10.0
              ],
              "size": [
                3.0,
                3.0,
                2.0
              ],
              "inflate": 0.0,
              "uv": [
                17.0,
                0.0
              ],
              "mirror": false
            },
            {
              "origin": [
                1.0,
                33.0,
                -10.0
              ],
              "size": [
                3.0,
                3.0,
                2.0
              ],
              "inflate": 0.0,
              "uv": [
                17.0,
                0.0
              ],
              "mirror": false
            }
          ]
        },
        {
          "name": "right_front_leg",
          "pivot": [
            -3.5,
            14.0,
            -5.0
          ],
          "rotation": [
            0.0,
            0.0,
            0.0
          ],
          "cubes": [
            {
              "origin": [
                -5.5,
                -0.0,
                -7.0
              ],
              "size": [
                4.0,
                14.0,
                4.0
              ],
              "inflate": 0.0,
              "uv": [
                29.0,
                29.0
              ],
              "mirror": false
            }
          ]
        },
        {
          "name": "right_hind_leg",
          "pivot": [
            -3.5,
            14.0,
            6.0
          ],
          "rotation": [
            0.0,
            0.0,
            0.0
          ],
          "cubes": [
            {
              "origin": [
                -5.5,
                -0.0,
                4.0
              ],
              "size": [
                4.0,
                14.0,
                4.0
              ],
              "inflate": 0.0,
              "uv": [
                29.0,
                29.0
              ],
              "mirror": false
            }
          ]
        },
        {
          "name": "right_chest",
          "pivot": [
            -8.5,
            21.0,
            3.0
          ],
          "rotation": [
            0.0,
            90.00000250447816,
            0.0
          ],
          "cubes": [
            {
              "origin": [
                -11.5,
                13.0,
                3.0
              ],
              "size": [
                8.0,
                8.0,
                3.0
              ],
              "inflate": 0.0,
              "uv": [
                45.0,
                28.0
              ],
              "mirror": false
            }
          ]
        },
        {
          "name": "left_hind_leg",
          "pivot": [
            3.5,
            14.0,
            6.0
          ],
          "rotation": [
            0.0,
            0.0,
            0.0
          ],
          "cubes": [
            {
              "origin": [
                1.5,
                -0.0,
                4.0
              ],
              "size": [
                4.0,
                14.0,
                4.0
              ],
              "inflate": 0.0,
              "uv": [
                29.0,
                29.0
              ],
              "mirror": false
            }
          ]
        },
        {
          "name": "body",
          "pivot": [
            0.0,
            19.0,
            2.0
          ],
          "rotation": [
            90.00000250447816,
            0.0,
            0.0
          ],
          "cubes": [
            {
              "origin": [
                -6.0,
                11.0,
                -5.0
              ],
              "size": [
                12.0,
                18.0,
                10.0
              ],
              "inflate": 0.0,
              "uv": [
                29.0,
                0.0
              ],
              "mirror": false
            }
          ]
        },
        {
          "name": "left_front_leg",
          "pivot": [
            3.5,
            14.0,
            -5.0
          ],
          "rotation": [
            0.0,
            0.0,
            0.0
          ],
          "cubes": [
            {
              "origin": [
                1.5,
                -0.0,
                -7.0
              ],
              "size": [
                4.0,
                14.0,
                4.0
              ],
              "inflate": 0.0,
              "uv": [
                29.0,
                29.0
              ],
              "mirror": false
            }
          ]
        },
        {
          "name": "left_chest",
          "pivot": [
            5.5,
            21.0,
            3.0
          ],
          "rotation": [
            0.0,
            90.00000250447816,
            0.0
          ],
          "cubes": [
            {
              "origin": [
                2.5,
                13.0,
                3.0
              ],
              "size": [
                8.0,
                8.0,
                3.0
              ],
              "inflate": 0.0,
              "uv": [
                45.0,
                41.0
              ],
              "mirror": false
            }
          ]
        }
      ]
    }
  ]
}