{
  "format_version": "1.12.0",
  "minecraft:geometry": [
    {
      "description": {
        "identifier": "minecraft:panda#main",
        "texture_width": 64,
        "texture_height": 64
      },
      "bones": [
        {
          "name": "head",
          "pivot": [
            0.0,
            12.5,
            -17.0
          ],
          "rotation": [
            0.0,
            0.0,
            0.0
          ],
          "cubes": [
            {
              "origin": [
                -6.5,
                7.5,
                -21.0
              ],
              "size": [
                13.0,
                10.0,
                9.0
              ],
              "inflate": 0.0,
              "uv": [
                0.0,
                6.0
              ],
              "mirror": false
            },
            {
              "origin": [
                -3.5,
                7.5,
                -23.0
              ],
              "size": [
                7.0,
                5.0,
                2.0
              ],
              "inflate": 0.0,
              "uv": [
                45.0,
                16.0
              ],
              "mirror": false
            },
            {
              "origin": [
                3.5,
                16.5,
                -18.0
              ],
              "size": [
                5.0,
                4.0,
                1.0
              ],
              "inflate": 0.0,
              "uv": [
                52.0,
                25.0
              ],
              "mirror": false
            },
            {
              "origin": [
                -8.5,
                16.5,
                -18.0
              ],
              "size": [
                5.0,
                4.0,
                1.0
              ],
              "inflate": 0.0,
              "uv": [
                52.0,
                25.0
              ],
              "mirror": false
            }
          ]
        },
        {
          "name": "right_front_leg",
          "pivot": [
            -5.5,
            9.0,
            -9.0
          ],
          "rotation": [
            0.0,
            0.0,
            0.0
          ],
          "cubes": [
            {
              "origin": [
                -8.5,
                -0.0,
                -12.0
              ],
              "size": [
                6.0,
                9.0,
                6.0
              ],
              "inflate": 0.0,
              "uv": [
                40.0,
                0.0
              ],
              "mirror": false
            }
          ]
        },
        {
          "name": "right_hind_leg",
          "pivot": [
            -5.5,
            9.0,
            9.0
          ],
          "rotation": [
            0.0,
            0.0,
            0.0
          ],
          "cubes": [
            {
              "origin": [
                -8.5,
                -0.0,
                6.0
              ],
              "size": [
                6.0,
                9.0,
                6.0
              ],
              "inflate": 0.0,
              "uv": [
                40.0,
                0.0
              ],
              "mirror": false
            }
          ]
        },
        {
          "name": "left_hind_leg",
          "pivot": [
            5.5,
            9.0,
            9.0
          ],
          "rotation": [
            0.0,
            0.0,
            0.0
          ],
          "cubes": [
            {
              "origin": [
                2.5,
                -0.0,
                6.0
              ],
              "size": [
                6.0,
                9.0,
                6.0
              ],
              "inflate": 0.0,
              "uv": [
                40.0,
                0.0
              ],
              "mirror": false
            }
          ]
        },
        {
          "name": "body",
          "pivot": [
            0.0,
            14.0,
            0.0
          ],
          "rotation": [
            90.00000250447816,
            0.0,
            0.0
          ],
          "cubes": [
            {
              "origin": [
                -9.5,
                1.0,
                -6.5
              ],
              "size": [
                19.0,
                26.0,
                13.0
              ],
              "inflate": 0.0,
              "uv": [
                0.0,
                25.0
              ],
              "mirror": false
            }
          ]
        },
        {
          "name": "left_front_leg",
          "pivot": [
            5.5,
            9.0,
            -9.0
          ],
          "rotation": [
            0.0,
            0.0,
            0.0
          ],
          "cubes": [
            {
              "origin": [
                2.5,
                -0.0,
                -12.0
              ],
              "size": [
                6.0,
                9.0,
                6.0
              ],
              "inflate": 0.0,
              "uv": [
                40.0,
                0.0
              ],
              "mirror": false
            }
          ]
        }
      ]
    }
  ]
}