{
  "format_version": "1.12.0",
  "minecraft:geometry": [
    {
      "description": {
        "identifier": "minecraft:piglin_head#main",
        "texture_width": 64,
        "texture_height": 64
      },
      "bones": [
        {
          "name": "head",
          "pivot": [
            0.0,
            24.0,
            0.0
          ],
          "rotation": [
            0.0,
            0.0,
            0.0
          ],
          "cubes": [
            {
              "origin": [
                -5.0,
                24.0,
                -4.0
              ],
              "size": [
                10.0,
                8.0,
                8.0
              ],
              "inflate": 0.0,
              "uv": [
                0.0,
                0.0
              ],
              "mirror": false
            },
            {
              "origin": [
                -2.0,
                24.0,
                -5.0
              ],
              "size": [
                4.0,
                4.0,
                1.0
              ],
              "inflate": 0.0,
              "uv": [
                31.0,
                1.0
              ],
              "mirror": false
            },
            {
              "origin": [
                2.0,
                24.0,
                -5.0
              ],
              "size": [
                1.0,
                2.0,
                1.0
              ],
              "inflate": 0.0,
              "uv": [
                2.0,
                4.0
              ],
              "mirror": false
            },
            {
              "origin": [
                -3.0,
                24.0,
                -5.0
              ],
              "size": [
                1.0,
                2.0,
                1.0
              ],
              "inflate": 0.0,
              "uv": [
                2.0,
                0.0
              ],
              "mirror": false
            }
          ]
        },
        {
          "name": "right_ear",
          "parent": "head",
          "pivot": [
            -4.5,
            30.0,
            0.0
          ],
          "rotation": [
            0.0,
            0.0,
            30.000000834826057
          ],
          "cubes": [
            {
              "origin": [
                -5.5,
                25.0,
                -2.0
              ],
              "size": [
                1.0,
                5.0,
                4.0
              ],
              "inflate": 0.0,
              "uv": [
                39.0,
                6.0
              ],
              "mirror": false
            }
          ]
        },
        {
          "name": "left_ear",
          "parent": "head",
          "pivot": [
            4.5,
            30.0,
            0.0
          ],
          "rotation": [
            0.0,
            0.0,
            -30.000000834826057
          ],
          "cubes": [
            {
              "origin": [
                4.5,
                25.0,
                -2.0
              ],
              "size": [
                1.0,
                5.0,
                4.0
              ],
              "inflate": 0.0,
              "uv": [
                51.0,
                6.0
              ],
              "mirror": false
            }
          ]
        }
      ]
    }
  ]
}