{
  "format_version": "1.12.0",
  "minecraft:geometry": [
    {
      "description": {
        "identifier": "minecraft:polar_bear#main",
        "texture_width": 128,
        "texture_height": 64
      },
      "bones": [
        {
          "name": "head",
          "pivot": [
            0.0,
            14.0,
            -16.0
          ],
          "rotation": [
            0.0,
            0.0,
            0.0
          ],
          "cubes": [
            {
              "origin": [
                -3.5,
                10.0,
                -19.0
              ],
              "size": [
                7.0,
                7.0,
                7.0
              ],
              "inflate": 0.0,
              "uv": [
                0.0,
                0.0
              ],
              "mirror": false
            },
            {
              "origin": [
                -2.5,
                10.0,
                -22.0
              ],
              "size": [
                5.0,
                3.0,
                3.0
              ],
              "inflate": 0.0,
              "uv": [
                0.0,
                44.0
              ],
              "mirror": false
            },
            {
              "origin": [
                -4.5,
                16.0,
                -17.0
              ],
              "size": [
                2.0,
                2.0,
                1.0
              ],
              "inflate": 0.0,
              "uv": [
                26.0,
                0.0
              ],
              "mirror": false
            },
            {
              "origin": [
                2.5,
                16.0,
                -17.0
              ],
              "size": [
                2.0,
                2.0,
                1.0
              ],
              "inflate": 0.0,
              "uv": [
                26.0,
                0.0
              ],
              "mirror": true
            }
          ]
        },
        {
          "name": "right_front_leg",
          "pivot": [
            -3.5,
            10.0,
            -8.0
          ],
          "rotation": [
            0.0,
            0.0,
            0.0
          ],
          "cubes": [
            {
              "origin": [
                -5.5,
                -0.0,
                -10.0
              ],
              "size": [
                4.0,
                10.0,
                6.0
              ],
              "inflate": 0.0,
              "uv": [
                50.0,
                40.0
              ],
              "mirror": false
            }
          ]
        },
        {
          "name": "right_hind_leg",
          "pivot": [
            -4.5,
            10.0,
            6.0
          ],
          "rotation": [
            0.0,
            0.0,
            0.0
          ],
          "cubes": [
            {
              "origin": [
                -6.5,
                -0.0,
                4.0
              ],
              "size": [
                4.0,
                10.0,
                8.0
              ],
              "inflate": 0.0,
              "uv": [
                50.0,
                22.0
              ],
              "mirror": false
            }
          ]
        },
        {
          "name": "left_hind_leg",
          "pivot": [
            4.5,
            10.0,
            6.0
          ],
          "rotation": [
            0.0,
            0.0,
            0.0
          ],
          "cubes": [
            {
              "origin": [
                2.5,
                -0.0,
                4.0
              ],
              "size": [
                4.0,
                10.0,
                8.0
              ],
              "inflate": 0.0,
              "uv": [
                50.0,
                22.0
              ],
              "mirror": false
            }
          ]
        },
        {
          "name": "body",
          "pivot": [
            -2.0,
            15.0,
            12.0
          ],
          "rotation": [
            90.00000250447816,
            0.0,
            0.0
          ],
          "cubes": [
            {
              "origin": [
                -7.0,
                14.0,
                5.0
              ],
              "size": [
                14.0,
                14.0,
                11.0
              ],
              "inflate": 0.0,
              "uv": [
                0.0,
                19.0
              ],
              "mirror": false
            },
            {
              "origin": [
                -6.0,
                28.0,
                5.0
              ],
              "size": [
                12.0,
                12.0,
                10.0
              ],
              "inflate": 0.0,
              "uv": [
                39.0,
                0.0
              ],
              "mirror": false
            }
          ]
        },
        {
          "name": "left_front_leg",
          "pivot": [
            3.5,
            10.0,
            -8.0
          ],
          "rotation": [
            0.0,
            0.0,
            0.0
          ],
          "cubes": [
            {
              "origin": [
                1.5,
                -0.0,
                -10.0
              ],
              "size": [
                4.0,
                10.0,
                6.0
              ],
              "inflate": 0.0,
              "uv": [
                50.0,
                40.0
              ],
              "mirror": false
            }
          ]
        }
      ]
    }
  ]
}