{
  "format_version": "1.12.0",
  "minecraft:geometry": [
    {
      "description": {
        "identifier": "minecraft:pufferfish_medium#main",
        "texture_width": 32,
        "texture_height": 32
      },
      "bones": [
        {
          "name": "left_blue_fin",
          "pivot": [
            2.5,
            7.0,
            -1.5
          ],
          "rotation": [
            0.0,
            0.0,
            0.0
          ],
          "cubes": [
            {
              "origin": [
                2.5,
                7.0,
                -1.5
              ],
              "size": [
                2.0,
                0.0,
                2.0
              ],
              "inflate": 0.0,
              "uv": [
                24.0,
                3.0
              ],
              "mirror": false
            }
          ]
        },
        {
          "name": "top_back_fin",
          "pivot": [
            0.0,
            7.0,
            2.5
          ],
          "rotation": [
            -45.00000125223908,
            0.0,
            0.0
          ],
          "cubes": [
            {
              "origin": [
                -2.5,
                7.0,
                1.5
              ],
              "size": [
                5.0,
                1.0,
                1.0
              ],
              "inflate": 0.0,
              "uv": [
                10.0,
                16.0
              ],
              "mirror": false
            }
          ]
        },
        {
          "name": "left_back_fin",
          "pivot": [
            2.5,
            2.0,
            2.5
          ],
          "rotation": [
            0.0,
            -45.00000125223908,
            0.0
          ],
          "cubes": [
            {
              "origin": [
                2.5,
                2.0,
                2.5
              ],
              "size": [
                1.0,
                5.0,
                1.0
              ],
              "inflate": 0.0,
              "uv": [
                4.0,
                16.0
              ],
              "mirror": false
            }
          ]
        },
        {
          "name": "left_front_fin",
          "pivot": [
            2.5,
            2.0,
            -2.5
          ],
          "rotation": [
            0.0,
            45.00000125223908,
            0.0
          ],
          "cubes": [
            {
              "origin": [
                2.5,
                2.0,
                -2.5
              ],
              "size": [
                1.0,
                5.0,
                1.0
              ],
              "inflate": 0.0,
              "uv": [
                0.0,
                16.0
              ],
              "mirror": false
            }
          ]
        },
        {
          "name": "bottom_front_fin",
          "pivot": [
            0.0,
            2.0,
            -2.5
          ],
          "rotation": [
            -45.00000125223908,
            0.0,
            0.0
          ],
          "cubes": [
            {
              "origin": [
                -2.5,
                1.0,
                -2.5
              ],
              "size": [
                5.0,
                1.0,
                1.0
              ],
              "inflate": 0.0,
              "uv": [
                17.0,
                21.0
              ],
              "mirror": false
            }
          ]
        },
        {
          "name": "right_front_fin",
          "pivot": [
            -2.5,
            2.0,
            -2.5
          ],
          "rotation": [
            0.0,
            -45.00000125223908,
            0.0
          ],
          "cubes": [
            {
              "origin": [
                -3.5,
                2.0,
                -2.5
              ],
              "size": [
                1.0,
                5.0,
                1.0
              ],
              "inflate": 0.0,
              "uv": [
                8.0,
                16.0
              ],
              "mirror": false
            }
          ]
        },
        {
          "name": "right_back_fin",
          "pivot": [
            -2.5,
            2.0,
            2.5
          ],
          "rotation": [
            0.0,
            45.00000125223908,
            0.0
          ],
          "cubes": [
            {
              "origin": [
                -3.5,
                2.0,
                2.5
              ],
              "size": [
                1.0,
                5.0,
                1.0
              ],
              "inflate": 0.0,
              "uv": [
                8.0,
                16.0
              ],
              "mirror": false
            }
          ]
        },
        {
          "name": "body",
          "pivot": [
            0.0,
            2.0,
            0.0
          ],
          "rotation": [
            0.0,
            0.0,
            0.0
          ],
          "cubes": [
            {
              "origin": [
                -2.5,
                2.0,
                -2.5
              ],
              "size": [
                5.0,
                5.0,
                5.0
              ],
              "inflate": 0.0,
              "uv": [
                12.0,
                22.0
              ],
              "mirror": false
            }
          ]
        },
        {
          "name": "top_front_fin",
          "pivot": [
            0.0,
            7.0,
            -2.5
          ],
          "rotation": [
            45.00000125223908,
            0.0,
            0.0
          ],
          "cubes": [
            {
              "origin": [
                -2.5,
                7.0,
                -2.5
              ],
              "size": [
                5.0,
                1.0,
                1.0
              ],
              "inflate": 0.0,
              "uv": [
                15.0,
                16.0
              ],
              "mirror": false
            }
          ]
        },
        {
          "name": "bottom_back_fin",
          "pivot": [
            0.5,
            2.0,
            2.5
          ],
          "rotation": [
            45.00000125223908,
            0.0,
            0.0
          ],
          "cubes": [
            {
              "origin": [
                0.5,
                1.0,
                2.5
              ],
              "size": [
                1.0,
                1.0,
                1.0
              ],
              "inflate": 0.0,
              "uv": [
                8.0,
                22.0
              ],
              "mirror": false
            }
          ]
        },
        {
          "name": "right_blue_fin",
          "pivot": [
            -2.5,
            7.0,
            -1.5
          ],
          "rotation": [
            0.0,
            0.0,
            0.0
          ],
          "cubes": [
            {
              "origin": [
                -4.5,
                7.0,
                -1.5
              ],
              "size": [
                2.0,
                0.0,
                2.0
              ],
              "inflate": 0.0,
              "uv": [
                24.0,
                0.0
              ],
              "mirror": false
            }
          ]
        }
      ]
    }
  ]
}