{
  "format_version": "1.12.0",
  "minecraft:geometry": [
    {
      "description": {
        "identifier": "minecraft:pufferfish_big#main",
        "texture_width": 32,
        "texture_height": 32
      },
      "bones": [
        {
          "name": "left_blue_fin",
          "pivot": [
            4.0,
            9.0,
            -2.0
          ],
          "rotation": [
            0.0,
            0.0,
            0.0
          ],
          "cubes": [
            {
              "origin": [
                4.0,
                8.0,
                -3.0
              ],
              "size": [
                2.0,
                1.0,
                2.0
              ],
              "inflate": 0.0,
              "uv": [
                24.0,
                3.0
              ],
              "mirror": false
            }
          ]
        },
        {
          "name": "top_back_fin",
          "pivot": [
            0.0,
            10.0,
            4.0
          ],
          "rotation": [
            -45.00000125223908,
            0.0,
            0.0
          ],
          "cubes": [
            {
              "origin": [
                -4.0,
                10.0,
                4.0
              ],
              "size": [
                8.0,
                1.0,
                0.0
              ],
              "inflate": 0.0,
              "uv": [
                23.0,
                18.0
              ],
              "mirror": false
            }
          ]
        },
        {
          "name": "top_middle_fin",
          "pivot": [
            0.0,
            10.0,
            0.0
          ],
          "rotation": [
            0.0,
            0.0,
            0.0
          ],
          "cubes": [
            {
              "origin": [
                -4.0,
                10.0,
                0.0
              ],
              "size": [
                8.0,
                1.0,
                1.0
              ],
              "inflate": 0.0,
              "uv": [
                14.0,
                16.0
              ],
              "mirror": false
            }
          ]
        },
        {
          "name": "bottom_front_fin",
          "pivot": [
            0.0,
            2.0,
            -4.0
          ],
          "rotation": [
            -45.00000125223908,
            0.0,
            0.0
          ],
          "cubes": [
            {
              "origin": [
                -4.0,
                1.0,
                -4.0
              ],
              "size": [
                8.0,
                1.0,
                0.0
              ],
              "inflate": 0.0,
              "uv": [
                15.0,
                20.0
              ],
              "mirror": false
            }
          ]
        },
        {
          "name": "right_front_fin",
          "pivot": [
            -4.0,
            2.0,
            -4.0
          ],
          "rotation": [
            0.0,
            -45.00000125223908,
            0.0
          ],
          "cubes": [
            {
              "origin": [
                -5.0,
                2.0,
                -4.0
              ],
              "size": [
                1.0,
                8.0,
                0.0
              ],
              "inflate": 0.0,
              "uv": [
                5.0,
                17.0
              ],
              "mirror": false
            }
          ]
        },
        {
          "name": "body",
          "pivot": [
            0.0,
            2.0,
            0.0
          ],
          "rotation": [
            0.0,
            0.0,
            0.0
          ],
          "cubes": [
            {
              "origin": [
                -4.0,
                2.0,
                -4.0
              ],
              "size": [
                8.0,
                8.0,
                8.0
              ],
              "inflate": 0.0,
              "uv": [
                0.0,
                0.0
              ],
              "mirror": false
            }
          ]
        },
        {
          "name": "bottom_back_fin",
          "pivot": [
            0.0,
            2.0,
            4.0
          ],
          "rotation": [
            45.00000125223908,
            0.0,
            0.0
          ],
          "cubes": [
            {
              "origin": [
                -4.0,
                1.0,
                4.0
              ],
              "size": [
                8.0,
                1.0,
                0.0
              ],
              "inflate": 0.0,
              "uv": [
                15.0,
                20.0
              ],
              "mirror": false
            }
          ]
        },
        {
          "name": "right_blue_fin",
          "pivot": [
            -4.0,
            9.0,
            -2.0
          ],
          "rotation": [
            0.0,
            0.0,
            0.0
          ],
          "cubes": [
            {
              "origin": [
                -6.0,
                8.0,
                -3.0
              ],
              "size": [
                2.0,
                1.0,
                2.0
              ],
              "inflate": 0.0,
              "uv": [
                24.0,
                0.0
              ],
              "mirror": false
            }
          ]
        },
        {
          "name": "left_front_fin",
          "pivot": [
            4.0,
            2.0,
            -4.0
          ],
          "rotation": [
            0.0,
            45.00000125223908,
            0.0
          ],
          "cubes": [
            {
              "origin": [
                4.0,
                2.0,
                -4.0
              ],
              "size": [
                1.0,
                8.0,
                0.0
              ],
              "inflate": 0.0,
              "uv": [
                1.0,
                17.0
              ],
              "mirror": false
            }
          ]
        },
        {
          "name": "bottom_middle_fin",
          "pivot": [
            0.0,
            2.0,
            0.0
          ],
          "rotation": [
            0.0,
            0.0,
            0.0
          ],
          "cubes": [
            {
              "origin": [
                -4.0,
                1.0,
                0.0
              ],
              "size": [
                8.0,
                1.0,
                0.0
              ],
              "inflate": 0.0,
              "uv": [
                15.0,
                20.0
              ],
              "mirror": false
            }
          ]
        },
        {
          "name": "left_back_fin",
          "pivot": [
            4.0,
            2.0,
            4.0
          ],
          "rotation": [
            0.0,
            -45.00000125223908,
            0.0
          ],
          "cubes": [
            {
              "origin": [
                4.0,
                2.0,
                4.0
              ],
              "size": [
                1.0,
                8.0,
                0.0
              ],
              "inflate": 0.0,
              "uv": [
                9.0,
                17.0
              ],
              "mirror": false
            }
          ]
        },
        {
          "name": "right_back_fin",
          "pivot": [
            -4.0,
            2.0,
            4.0
          ],
          "rotation": [
            0.0,
            45.00000125223908,
            0.0
          ],
          "cubes": [
            {
              "origin": [
                -5.0,
                2.0,
                4.0
              ],
              "size": [
                1.0,
                8.0,
                0.0
              ],
              "inflate": 0.0,
              "uv": [
                9.0,
                17.0
              ],
              "mirror": false
            }
          ]
        },
        {
          "name": "top_front_fin",
          "pivot": [
            0.0,
            10.0,
            -4.0
          ],
          "rotation": [
            45.00000125223908,
            0.0,
            0.0
          ],
          "cubes": [
            {
              "origin": [
                -4.0,
                10.0,
                -4.0
              ],
              "size": [
                8.0,
                1.0,
                0.0
              ],
              "inflate": 0.0,
              "uv": [
                15.0,
                17.0
              ],
              "mirror": false
            }
          ]
        }
      ]
    }
  ]
}