{
  "format_version": "1.12.0",
  "minecraft:geometry": [
    {
      "description": {
        "identifier": "minecraft:pufferfish_small#main",
        "texture_width": 32,
        "texture_height": 32
      },
      "bones": [
        {
          "name": "right_eye",
          "pivot": [
            0.0,
            4.0,
            0.0
          ],
          "rotation": [
            0.0,
            0.0,
            0.0
          ],
          "cubes": [
            {
              "origin": [
                -1.5,
                3.0,
                -1.5
              ],
              "size": [
                1.0,
                1.0,
                1.0
              ],
              "inflate": 0.0,
              "uv": [
                24.0,
                6.0
              ],
              "mirror": false
            }
          ]
        },
        {
          "name": "left_fin",
          "pivot": [
            1.5,
            2.0,
            -1.5
          ],
          "rotation": [
            0.0,
            0.0,
            0.0
          ],
          "cubes": [
            {
              "origin": [
                1.5,
                2.0,
                -1.5
              ],
              "size": [
                1.0,
                0.0,
                2.0
              ],
              "inflate": 0.0,
              "uv": [
                25.0,
                0.0
              ],
              "mirror": false
            }
          ]
        },
        {
          "name": "right_fin",
          "pivot": [
            -1.5,
            2.0,
            -1.5
          ],
          "rotation": [
            0.0,
            0.0,
            0.0
          ],
          "cubes": [
            {
              "origin": [
                -2.5,
                2.0,
                -1.5
              ],
              "size": [
                1.0,
                0.0,
                2.0
              ],
              "inflate": 0.0,
              "uv": [
                25.0,
                0.0
              ],
              "mirror": false
            }
          ]
        },
        {
          "name": "left_eye",
          "pivot": [
            0.0,
            4.0,
            0.0
          ],
          "rotation": [
            0.0,
            0.0,
            0.0
          ],
          "cubes": [
            {
              "origin": [
                0.5,
                3.0,
                -1.5
              ],
              "size": [
                1.0,
                1.0,
                1.0
              ],
              "inflate": 0.0,
              "uv": [
                28.0,
                6.0
              ],
              "mirror": false
            }
          ]
        },
        {
          "name": "body",
          "pivot": [
            0.0,
            1.0,
            0.0
          ],
          "rotation": [
            0.0,
            0.0,
            0.0
          ],
          "cubes": [
            {
              "origin": [
                -1.5,
                1.0,
                -1.5
              ],
              "size": [
                3.0,
                2.0,
                3.0
              ],
              "inflate": 0.0,
              "uv": [
                0.0,
                27.0
              ],
              "mirror": false
            }
          ]
        },
        {
          "name": "back_fin",
          "pivot": [
            0.0,
            2.0,
            1.5
          ],
          "rotation": [
            0.0,
            0.0,
            0.0
          ],
          "cubes": [
            {
              "origin": [
                -1.5,
                2.0,
                1.5
              ],
              "size": [
                3.0,
                0.0,
                3.0
              ],
              "inflate": 0.0,
              "uv": [
                -3.0,
                0.0
              ],
              "mirror": false
            }
          ]
        }
      ]
    }
  ]
}