{
  "format_version": "1.12.0",
  "minecraft:geometry": [
    {
      "description": {
        "identifier": "minecraft:rabbit#main",
        "texture_width": 64,
        "texture_height": 32
      },
      "bones": [
        {
          "name": "head",
          "pivot": [
            0.0,
            8.0,
            -1.0
          ],
          "rotation": [
            0.0,
            0.0,
            0.0
          ],
          "cubes": [
            {
              "origin": [
                -2.5,
                8.0,
                -6.0
              ],
              "size": [
                5.0,
                4.0,
                5.0
              ],
              "inflate": 0.0,
              "uv": [
                32.0,
                0.0
              ],
              "mirror": false
            }
          ]
        },
        {
          "name": "nose",
          "pivot": [
            0.0,
            8.0,
            -1.0
          ],
          "rotation": [
            0.0,
            0.0,
            0.0
          ],
          "cubes": [
            {
              "origin": [
                -0.5,
                9.5,
                -6.5
              ],
              "size": [
                1.0,
                1.0,
                1.0
              ],
              "inflate": 0.0,
              "uv": [
                32.0,
                9.0
              ],
              "mirror": false
            }
          ]
        },
        {
          "name": "right_front_leg",
          "pivot": [
            -3.0,
            7.0,
            -1.0
          ],
          "rotation": [
            -9.99999970909292,
            0.0,
            0.0
          ],
          "cubes": [
            {
              "origin": [
                -4.0,
                -0.0,
                -2.0
              ],
              "size": [
                2.0,
                7.0,
                2.0
              ],
              "inflate": 0.0,
              "uv": [
                0.0,
                15.0
              ],
              "mirror": false
            }
          ]
        },
        {
          "name": "right_hind_foot",
          "pivot": [
            -3.0,
            6.5,
            3.7
          ],
          "rotation": [
            0.0,
            0.0,
            0.0
          ],
          "cubes": [
            {
              "origin": [
                -4.0,
                -0.0,
                0.0
              ],
              "size": [
                2.0,
                1.0,
                7.0
              ],
              "inflate": 0.0,
              "uv": [
                8.0,
                24.0
              ],
              "mirror": false
            }
          ]
        },
        {
          "name": "tail",
          "pivot": [
            0.0,
            4.0,
            7.0
          ],
          "rotation": [
            -20.000002833280426,
            0.0,
            0.0
          ],
          "cubes": [
            {
              "origin": [
                -1.5,
                2.5,
                7.0
              ],
              "size": [
                3.0,
                3.0,
                2.0
              ],
              "inflate": 0.0,
              "uv": [
                52.0,
                6.0
              ],
              "mirror": false
            }
          ]
        },
        {
          "name": "left_haunch",
          "pivot": [
            3.0,
            6.5,
            3.7
          ],
          "rotation": [
            -19.99999941818584,
            0.0,
            0.0
          ],
          "cubes": [
            {
              "origin": [
                2.0,
                2.5,
                3.7
              ],
              "size": [
                2.0,
                4.0,
                5.0
              ],
              "inflate": 0.0,
              "uv": [
                30.0,
                15.0
              ],
              "mirror": false
            }
          ]
        },
        {
          "name": "right_haunch",
          "pivot": [
            -3.0,
            6.5,
            3.7
          ],
          "rotation": [
            -19.99999941818584,
            0.0,
            0.0
          ],
          "cubes": [
            {
              "origin": [
                -4.0,
                2.5,
                3.7
              ],
              "size": [
                2.0,
                4.0,
                5.0
              ],
              "inflate": 0.0,
              "uv": [
                16.0,
                15.0
              ],
              "mirror": false
            }
          ]
        },
        {
          "name": "body",
          "pivot": [
            0.0,
            5.0,
            8.0
          ],
          "rotation": [
            -19.99999941818584,
            0.0,
            0.0
          ],
          "cubes": [
            {
              "origin": [
                -3.0,
                2.0,
                -2.0
              ],
              "size": [
                6.0,
                5.0,
                10.0
              ],
              "inflate": 0.0,
              "uv": [
                0.0,
                0.0
              ],
              "mirror": false
            }
          ]
        },
        {
          "name": "right_ear",
          "pivot": [
            0.0,
            8.0,
            -1.0
          ],
          "rotation": [
            0.0,
            -15.000000417413029,
            0.0
          ],
          "cubes": [
            {
              "origin": [
                -2.5,
                12.0,
                -2.0
              ],
              "size": [
                2.0,
                5.0,
                1.0
              ],
              "inflate": 0.0,
              "uv": [
                52.0,
                0.0
              ],
              "mirror": false
            }
          ]
        },
        {
          "name": "left_front_leg",
          "pivot": [
            3.0,
            7.0,
            -1.0
          ],
          "rotation": [
            -9.99999970909292,
            0.0,
            0.0
          ],
          "cubes": [
            {
              "origin": [
                2.0,
                -0.0,
                -2.0
              ],
              "size": [
                2.0,
                7.0,
                2.0
              ],
              "inflate": 0.0,
              "uv": [
                8.0,
                15.0
              ],
              "mirror": false
            }
          ]
        },
        {
          "name": "left_hind_foot",
          "pivot": [
            3.0,
            6.5,
            3.7
          ],
          "rotation": [
            0.0,
            0.0,
            0.0
          ],
          "cubes": [
            {
              "origin": [
                2.0,
                -0.0,
                0.0
              ],
              "size": [
                2.0,
                1.0,
                7.0
              ],
              "inflate": 0.0,
              "uv": [
                26.0,
                24.0
              ],
              "mirror": false
            }
          ]
        },
        {
          "name": "left_ear",
          "pivot": [
            0.0,
            8.0,
            -1.0
          ],
          "rotation": [
            0.0,
            15.000000417413029,
            0.0
          ],
          "cubes": [
            {
              "origin": [
                0.5,
                12.0,
                -2.0
              ],
              "size": [
                2.0,
                5.0,
                1.0
              ],
              "inflate": 0.0,
              "uv": [
                58.0,
                0.0
              ],
              "mirror": false
            }
          ]
        }
      ]
    }
  ]
}