{
  "format_version": "1.12.0",
  "minecraft:geometry": [
    {
      "description": {
        "identifier": "minecraft:shulker#main",
        "texture_width": 64,
        "texture_height": 64
      },
      "bones": [
        {
          "name": "head",
          "pivot": [
            0.0,
            12.0,
            0.0
          ],
          "rotation": [
            0.0,
            0.0,
            0.0
          ],
          "cubes": [
            {
              "origin": [
                -3.0,
                6.0,
                -3.0
              ],
              "size": [
                6.0,
                6.0,
                6.0
              ],
              "inflate": 0.0,
              "uv": [
                0.0,
                52.0
              ],
              "mirror": false
            }
          ]
        },
        {
          "name": "lid",
          "pivot": [
            0.0,
            -0.0,
            0.0
          ],
          "rotation": [
            0.0,
            0.0,
            0.0
          ],
          "cubes": [
            {
              "origin": [
                -8.0,
                4.0,
                -8.0
              ],
              "size": [
                16.0,
                12.0,
                16.0
              ],
              "inflate": 0.0,
              "uv": [
                0.0,
                0.0
              ],
              "mirror": false
            }
          ]
        },
        {
          "name": "base",
          "pivot": [
            0.0,
            -0.0,
            0.0
          ],
          "rotation": [
            0.0,
            0.0,
            0.0
          ],
          "cubes": [
            {
              "origin": [
                -8.0,
                -0.0,
                -8.0
              ],
              "size": [
                16.0,
                8.0,
                16.0
              ],
              "inflate": 0.0,
              "uv": [
                0.0,
                28.0
              ],
              "mirror": false
            }
          ]
        }
      ]
    }
  ]
}