{
  "format_version": "1.12.0",
  "minecraft:geometry": [
    {
      "description": {
        "identifier": "minecraft:slime#main",
        "texture_width": 64,
        "texture_height": 32
      },
      "bones": [
        {
          "name": "right_eye",
          "pivot": [
            0.0,
            24.0,
            0.0
          ],
          "rotation": [
            0.0,
            0.0,
            0.0
          ],
          "cubes": [
            {
              "origin": [
                -3.25,
                4.0,
                -3.5
              ],
              "size": [
                2.0,
                2.0,
                2.0
              ],
              "inflate": 0.0,
              "uv": [
                32.0,
                0.0
              ],
              "mirror": false
            }
          ]
        },
        {
          "name": "mouth",
          "pivot": [
            0.0,
            24.0,
            0.0
          ],
          "rotation": [
            0.0,
            0.0,
            0.0
          ],
          "cubes": [
            {
              "origin": [
                0.0,
                2.0,
                -3.5
              ],
              "size": [
                1.0,
                1.0,
                1.0
              ],
              "inflate": 0.0,
              "uv": [
                32.0,
                8.0
              ],
              "mirror": false
            }
          ]
        },
        {
          "name": "left_eye",
          "pivot": [
            0.0,
            24.0,
            0.0
          ],
          "rotation": [
            0.0,
            0.0,
            0.0
          ],
          "cubes": [
            {
              "origin": [
                1.25,
                4.0,
                -3.5
              ],
              "size": [
                2.0,
                2.0,
                2.0
              ],
              "inflate": 0.0,
              "uv": [
                32.0,
                4.0
              ],
              "mirror": false
            }
          ]
        },
        {
          "name": "cube",
          "pivot": [
            0.0,
            24.0,
            0.0
          ],
          "rotation": [
            0.0,
            0.0,
            0.0
          ],
          "cubes": [
            {
              "origin": [
                -3.0,
                1.0,
                -3.0
              ],
              "size": [
                6.0,
                6.0,
                6.0
              ],
              "inflate": 0.0,
              "uv": [
                0.0,
                16.0
              ],
              "mirror": false
            }
          ]
        }
      ]
    }
  ]
}