{
  "format_version": "1.12.0",
  "minecraft:geometry": [
    {
      "description": {
        "identifier": "minecraft:spin_attack#main",
        "texture_width": 64,
        "texture_height": 64
      },
      "bones": [
        {
          "name": "box",
          "pivot": [
            0.0,
            24.0,
            0.0
          ],
          "rotation": [
            0.0,
            0.0,
            0.0
          ],
          "cubes": [
            {
              "origin": [
                -8.0,
                8.0,
                -8.0
              ],
              "size": [
                16.0,
                32.0,
                16.0
              ],
              "inflate": 0.0,
              "uv": [
                0.0,
                0.0
              ],
              "mirror": false
            }
          ]
        }
      ]
    }
  ]
}