{
  "format_version": "1.12.0",
  "minecraft:geometry": [
    {
      "description": {
        "identifier": "minecraft:strider#main",
        "texture_width": 64,
        "texture_height": 128
      },
      "bones": [
        {
          "name": "left_leg",
          "pivot": [
            4.0,
            16.0,
            0.0
          ],
          "rotation": [
            0.0,
            0.0,
            0.0
          ],
          "cubes": [
            {
              "origin": [
                2.0,
                -0.0,
                -2.0
              ],
              "size": [
                4.0,
                16.0,
                4.0
              ],
              "inflate": 0.0,
              "uv": [
                0.0,
                55.0
              ],
              "mirror": false
            }
          ]
        },
        {
          "name": "right_leg",
          "pivot": [
            -4.0,
            16.0,
            0.0
          ],
          "rotation": [
            0.0,
            0.0,
            0.0
          ],
          "cubes": [
            {
              "origin": [
                -6.0,
                -0.0,
                -2.0
              ],
              "size": [
                4.0,
                16.0,
                4.0
              ],
              "inflate": 0.0,
              "uv": [
                0.0,
                32.0
              ],
              "mirror": false
            }
          ]
        },
        {
          "name": "body",
          "pivot": [
            0.0,
            23.0,
            0.0
          ],
          "rotation": [
            0.0,
            0.0,
            0.0
          ],
          "cubes": [
            {
              "origin": [
                -8.0,
                15.0,
                -8.0
              ],
              "size": [
                16.0,
                14.0,
                16.0
              ],
              "inflate": 0.0,
              "uv": [
                0.0,
                0.0
              ],
              "mirror": false
            }
          ]
        },
        {
          "name": "right_top_bristle",
          "parent": "body",
          "pivot": [
            -8.0,
            28.0,
            -8.0
          ],
          "rotation": [
            0.0,
            0.0,
            -50.0000002530119
          ],
          "cubes": [
            {
              "origin": [
                -20.0,
                28.0,
                -8.0
              ],
              "size": [
                12.0,
                0.0,
                16.0
              ],
              "inflate": 0.0,
              "uv": [
                16.0,
                33.0
              ],
              "mirror": true
            }
          ]
        },
        {
          "name": "right_bottom_bristle",
          "parent": "body",
          "pivot": [
            -8.0,
            19.0,
            -8.0
          ],
          "rotation": [
            0.0,
            0.0,
            -69.99999967119774
          ],
          "cubes": [
            {
              "origin": [
                -20.0,
                19.0,
                -8.0
              ],
              "size": [
                12.0,
                0.0,
                16.0
              ],
              "inflate": 0.0,
              "uv": [
                16.0,
                65.0
              ],
              "mirror": true
            }
          ]
        },
        {
          "name": "left_top_bristle",
          "parent": "body",
          "pivot": [
            8.0,
            29.0,
            -8.0
          ],
          "rotation": [
            0.0,
            0.0,
            50.0000002530119
          ],
          "cubes": [
            {
              "origin": [
                8.0,
                29.0,
                -8.0
              ],
              "size": [
                12.0,
                0.0,
                16.0
              ],
              "inflate": 0.0,
              "uv": [
                16.0,
                33.0
              ],
              "mirror": false
            }
          ]
        },
        {
          "name": "left_bottom_bristle",
          "parent": "body",
          "pivot": [
            8.0,
            20.0,
            -8.0
          ],
          "rotation": [
            0.0,
            0.0,
            69.99999967119774
          ],
          "cubes": [
            {
              "origin": [
                8.0,
                20.0,
                -8.0
              ],
              "size": [
                12.0,
                0.0,
                16.0
              ],
              "inflate": 0.0,
              "uv": [
                16.0,
                65.0
              ],
              "mirror": false
            }
          ]
        },
        {
          "name": "right_middle_bristle",
          "parent": "body",
          "pivot": [
            -8.0,
            24.0,
            -8.0
          ],
          "rotation": [
            0.0,
            0.0,
            -65.00000067042492
          ],
          "cubes": [
            {
              "origin": [
                -20.0,
                24.0,
                -8.0
              ],
              "size": [
                12.0,
                0.0,
                16.0
              ],
              "inflate": 0.0,
              "uv": [
                16.0,
                49.0
              ],
              "mirror": true
            }
          ]
        },
        {
          "name": "left_middle_bristle",
          "parent": "body",
          "pivot": [
            8.0,
            25.0,
            -8.0
          ],
          "rotation": [
            0.0,
            0.0,
            65.00000067042492
          ],
          "cubes": [
            {
              "origin": [
                8.0,
                25.0,
                -8.0
              ],
              "size": [
                12.0,
                0.0,
                16.0
              ],
              "inflate": 0.0,
              "uv": [
                16.0,
                49.0
              ],
              "mirror": false
            }
          ]
        }
      ]
    }
  ]
}