{
  "format_version": "1.12.0",
  "minecraft:geometry": [
    {
      "description": {
        "identifier": "minecraft:tadpole#main",
        "texture_width": 16,
        "texture_height": 16
      },
      "bones": [
        {
          "name": "tail",
          "pivot": [
            0.0,
            2.0,
            0.0
          ],
          "rotation": [
            0.0,
            0.0,
            0.0
          ],
          "cubes": [
            {
              "origin": [
                0.0,
                1.0,
                0.0
              ],
              "size": [
                0.0,
                2.0,
                7.0
              ],
              "inflate": 0.0,
              "uv": [
                0.0,
                0.0
              ],
              "mirror": false
            }
          ]
        },
        {
          "name": "body",
          "pivot": [
            0.0,
            2.0,
            -3.0
          ],
          "rotation": [
            0.0,
            0.0,
            0.0
          ],
          "cubes": [
            {
              "origin": [
                -1.5,
                1.0,
                -3.0
              ],
              "size": [
                3.0,
                2.0,
                3.0
              ],
              "inflate": 0.0,
              "uv": [
                0.0,
                0.0
              ],
              "mirror": false
            }
          ]
        }
      ]
    }
  ]
}