{
  "format_version": "1.12.0",
  "minecraft:geometry": [
    {
      "description": {
        "identifier": "minecraft:trident#main",
        "texture_width": 32,
        "texture_height": 32
      },
      "bones": [
        {
          "name": "pole",
          "pivot": [
            0.0,
            24.0,
            0.0
          ],
          "rotation": [
            0.0,
            0.0,
            0.0
          ],
          "cubes": [
            {
              "origin": [
                -0.5,
                -3.0,
                -0.5
              ],
              "size": [
                1.0,
                25.0,
                1.0
              ],
              "inflate": 0.0,
              "uv": [
                0.0,
                6.0
              ],
              "mirror": false
            }
          ]
        },
        {
          "name": "right_spike",
          "parent": "pole",
          "pivot": [
            0.0,
            24.0,
            0.0
          ],
          "rotation": [
            0.0,
            0.0,
            0.0
          ],
          "cubes": [
            {
              "origin": [
                1.5,
                23.0,
                -0.5
              ],
              "size": [
                1.0,
                4.0,
                1.0
              ],
              "inflate": 0.0,
              "uv": [
                4.0,
                3.0
              ],
              "mirror": true
            }
          ]
        },
        {
          "name": "left_spike",
          "parent": "pole",
          "pivot": [
            0.0,
            24.0,
            0.0
          ],
          "rotation": [
            0.0,
            0.0,
            0.0
          ],
          "cubes": [
            {
              "origin": [
                -2.5,
                23.0,
                -0.5
              ],
              "size": [
                1.0,
                4.0,
                1.0
              ],
              "inflate": 0.0,
              "uv": [
                4.0,
                3.0
              ],
              "mirror": false
            }
          ]
        },
        {
          "name": "middle_spike",
          "parent": "pole",
          "pivot": [
            0.0,
            24.0,
            0.0
          ],
          "rotation": [
            0.0,
            0.0,
            0.0
          ],
          "cubes": [
            {
              "origin": [
                -0.5,
                24.0,
                -0.5
              ],
              "size": [
                1.0,
                4.0,
                1.0
              ],
              "inflate": 0.0,
              "uv": [
                0.0,
                0.0
              ],
              "mirror": false
            }
          ]
        },
        {
          "name": "base",
          "parent": "pole",
          "pivot": [
            0.0,
            24.0,
            0.0
          ],
          "rotation": [
            0.0,
            0.0,
            0.0
          ],
          "cubes": [
            {
              "origin": [
                -1.5,
                22.0,
                -0.5
              ],
              "size": [
                3.0,
                2.0,
                1.0
              ],
              "inflate": 0.0,
              "uv": [
                4.0,
                0.0
              ],
              "mirror": false
            }
          ]
        }
      ]
    }
  ]
}