{
  "format_version": "1.12.0",
  "minecraft:geometry": [
    {
      "description": {
        "identifier": "minecraft:tropical_fish_small#main",
        "texture_width": 32,
        "texture_height": 32
      },
      "bones": [
        {
          "name": "left_fin",
          "pivot": [
            1.0,
            1.5,
            0.0
          ],
          "rotation": [
            0.0,
            -45.00000125223908,
            0.0
          ],
          "cubes": [
            {
              "origin": [
                1.0,
                0.5,
                0.0
              ],
              "size": [
                2.0,
                2.0,
                0.0
              ],
              "inflate": 0.0,
              "uv": [
                2.0,
                12.0
              ],
              "mirror": false
            }
          ]
        },
        {
          "name": "top_fin",
          "pivot": [
            0.0,
            3.5,
            -3.0
          ],
          "rotation": [
            0.0,
            0.0,
            0.0
          ],
          "cubes": [
            {
              "origin": [
                0.0,
                3.5,
                -3.0
              ],
              "size": [
                0.0,
                3.0,
                6.0
              ],
              "inflate": 0.0,
              "uv": [
                10.0,
                -5.0
              ],
              "mirror": false
            }
          ]
        },
        {
          "name": "tail",
          "pivot": [
            0.0,
            2.0,
            3.0
          ],
          "rotation": [
            0.0,
            0.0,
            0.0
          ],
          "cubes": [
            {
              "origin": [
                0.0,
                0.5,
                3.0
              ],
              "size": [
                0.0,
                3.0,
                6.0
              ],
              "inflate": 0.0,
              "uv": [
                22.0,
                -6.0
              ],
              "mirror": false
            }
          ]
        },
        {
          "name": "right_fin",
          "pivot": [
            -1.0,
            1.5,
            0.0
          ],
          "rotation": [
            0.0,
            45.00000125223908,
            0.0
          ],
          "cubes": [
            {
              "origin": [
                -3.0,
                0.5,
                0.0
              ],
              "size": [
                2.0,
                2.0,
                0.0
              ],
              "inflate": 0.0,
              "uv": [
                2.0,
                16.0
              ],
              "mirror": false
            }
          ]
        },
        {
          "name": "body",
          "pivot": [
            0.0,
            2.0,
            0.0
          ],
          "rotation": [
            0.0,
            0.0,
            0.0
          ],
          "cubes": [
            {
              "origin": [
                -1.0,
                0.5,
                -3.0
              ],
              "size": [
                2.0,
                3.0,
                6.0
              ],
              "inflate": 0.0,
              "uv": [
                0.0,
                0.0
              ],
              "mirror": false
            }
          ]
        }
      ]
    }
  ]
}