{
  "format_version": "1.12.0",
  "minecraft:geometry": [
    {
      "description": {
        "identifier": "minecraft:turtle#main",
        "texture_width": 128,
        "texture_height": 64
      },
      "bones": [
        {
          "name": "head",
          "pivot": [
            0.0,
            5.0,
            -10.0
          ],
          "rotation": [
            0.0,
            0.0,
            0.0
          ],
          "cubes": [
            {
              "origin": [
                -3.0,
                1.0,
                -13.0
              ],
              "size": [
                6.0,
                5.0,
                6.0
              ],
              "inflate": 0.0,
              "uv": [
                3.0,
                0.0
              ],
              "mirror": false
            }
          ]
        },
        {
          "name": "right_front_leg",
          "pivot": [
            -5.0,
            3.0,
            -4.0
          ],
          "rotation": [
            0.0,
            0.0,
            0.0
          ],
          "cubes": [
            {
              "origin": [
                -18.0,
                2.0,
                -6.0
              ],
              "size": [
                13.0,
                1.0,
                5.0
              ],
              "inflate": 0.0,
              "uv": [
                27.0,
                30.0
              ],
              "mirror": false
            }
          ]
        },
        {
          "name": "right_hind_leg",
          "pivot": [
            -3.5,
            2.0,
            11.0
          ],
          "rotation": [
            0.0,
            0.0,
            0.0
          ],
          "cubes": [
            {
              "origin": [
                -5.5,
                1.0,
                11.0
              ],
              "size": [
                4.0,
                1.0,
                10.0
              ],
              "inflate": 0.0,
              "uv": [
                1.0,
                23.0
              ],
              "mirror": false
            }
          ]
        },
        {
          "name": "egg_belly",
          "pivot": [
            0.0,
            13.0,
            -10.0
          ],
          "rotation": [
            90.00000250447816,
            0.0,
            0.0
          ],
          "cubes": [
            {
              "origin": [
                -4.5,
                -8.0,
                -24.0
              ],
              "size": [
                9.0,
                18.0,
                1.0
              ],
              "inflate": 0.0,
              "uv": [
                70.0,
                33.0
              ],
              "mirror": false
            }
          ]
        },
        {
          "name": "left_hind_leg",
          "pivot": [
            3.5,
            2.0,
            11.0
          ],
          "rotation": [
            0.0,
            0.0,
            0.0
          ],
          "cubes": [
            {
              "origin": [
                1.5,
                1.0,
                11.0
              ],
              "size": [
                4.0,
                1.0,
                10.0
              ],
              "inflate": 0.0,
              "uv": [
                1.0,
                12.0
              ],
              "mirror": false
            }
          ]
        },
        {
          "name": "body",
          "pivot": [
            0.0,
            13.0,
            -10.0
          ],
          "rotation": [
            90.00000250447816,
            0.0,
            0.0
          ],
          "cubes": [
            {
              "origin": [
                -9.5,
                -10.0,
                -20.0
              ],
              "size": [
                19.0,
                20.0,
                6.0
              ],
              "inflate": 0.0,
              "uv": [
                7.0,
                37.0
              ],
              "mirror": false
            },
            {
              "origin": [
                -5.5,
                -8.0,
                -23.0
              ],
              "size": [
                11.0,
                18.0,
                3.0
              ],
              "inflate": 0.0,
              "uv": [
                31.0,
                1.0
              ],
              "mirror": false
            }
          ]
        },
        {
          "name": "left_front_leg",
          "pivot": [
            5.0,
            3.0,
            -4.0
          ],
          "rotation": [
            0.0,
            0.0,
            0.0
          ],
          "cubes": [
            {
              "origin": [
                5.0,
                2.0,
                -6.0
              ],
              "size": [
                13.0,
                1.0,
                5.0
              ],
              "inflate": 0.0,
              "uv": [
                27.0,
                24.0
              ],
              "mirror": false
            }
          ]
        }
      ]
    }
  ]
}