{
  "format_version": "1.12.0",
  "minecraft:geometry": [
    {
      "description": {
        "identifier": "minecraft:vex#main",
        "texture_width": 32,
        "texture_height": 32
      },
      "bones": [
        {
          "name": "root",
          "pivot": [
            0.0,
            26.5,
            0.0
          ],
          "rotation": [
            0.0,
            0.0,
            0.0
          ],
          "cubes": []
        },
        {
          "name": "head",
          "parent": "root",
          "pivot": [
            0.0,
            6.5,
            0.0
          ],
          "rotation": [
            0.0,
            0.0,
            0.0
          ],
          "cubes": [
            {
              "origin": [
                -2.5,
                6.5,
                -2.5
              ],
              "size": [
                5.0,
                5.0,
                5.0
              ],
              "inflate": 0.0,
              "uv": [
                0.0,
                0.0
              ],
              "mirror": false
            }
          ]
        },
        {
          "name": "body",
          "parent": "root",
          "pivot": [
            0.0,
            6.5,
            0.0
          ],
          "rotation": [
            0.0,
            0.0,
            0.0
          ],
          "cubes": [
            {
              "origin": [
                -1.5,
                2.5,
                -1.0
              ],
              "size": [
                3.0,
                4.0,
                2.0
              ],
              "inflate": 0.0,
              "uv": [
                0.0,
                10.0
              ],
              "mirror": false
            },
            {
              "origin": [
                -1.5,
                0.5,
                -1.0
              ],
              "size": [
                3.0,
                5.0,
                2.0
              ],
              "inflate": -0.20000000794728598,
              "uv": [
                0.0,
                16.0
              ],
              "mirror": false
            }
          ]
        },
        {
          "name": "right_arm",
          "parent": "body",
          "pivot": [
            -1.75,
            6.25,
            0.0
          ],
          "rotation": [
            0.0,
            0.0,
            0.0
          ],
          "cubes": [
            {
              "origin": [
                -3.0,
                2.75,
                -1.0
              ],
              "size": [
                2.0,
                4.0,
                2.0
              ],
              "inflate": -0.10000000397364299,
              "uv": [
                23.0,
                0.0
              ],
              "mirror": false
            }
          ]
        },
        {
          "name": "left_arm",
          "parent": "body",
          "pivot": [
            1.75,
            6.25,
            0.0
          ],
          "rotation": [
            0.0,
            0.0,
            0.0
          ],
          "cubes": [
            {
              "origin": [
                1.0,
                2.75,
                -1.0
              ],
              "size": [
                2.0,
                4.0,
                2.0
              ],
              "inflate": -0.10000000397364299,
              "uv": [
                23.0,
                6.0
              ],
              "mirror": false
            }
          ]
        },
        {
          "name": "right_wing",
          "parent": "body",
          "pivot": [
            -0.5,
            5.5,
            1.0
          ],
          "rotation": [
            0.0,
            0.0,
            0.0
          ],
          "cubes": [
            {
              "origin": [
                -0.5,
                0.5,
                1.0
              ],
              "size": [
                0.0,
                5.0,
                8.0
              ],
              "inflate": 0.0,
              "uv": [
                16.0,
                14.0
              ],
              "mirror": false
            }
          ]
        },
        {
          "name": "left_wing",
          "parent": "body",
          "pivot": [
            0.5,
            5.5,
            1.0
          ],
          "rotation": [
            0.0,
            0.0,
            0.0
          ],
          "cubes": [
            {
              "origin": [
                0.5,
                0.5,
                1.0
              ],
              "size": [
                0.0,
                5.0,
                8.0
              ],
              "inflate": 0.0,
              "uv": [
                16.0,
                14.0
              ],
              "mirror": true
            }
          ]
        }
      ]
    }
  ]
}