{
  "format_version": "1.12.0",
  "minecraft:geometry": [
    {
      "description": {
        "identifier": "minecraft:wandering_trader#main",
        "texture_width": 64,
        "texture_height": 64
      },
      "bones": [
        {
          "name": "head",
          "pivot": [
            0.0,
            24.0,
            0.0
          ],
          "rotation": [
            0.0,
            0.0,
            0.0
          ],
          "cubes": [
            {
              "origin": [
                -4.0,
                24.0,
                -4.0
              ],
              "size": [
                8.0,
                10.0,
                8.0
              ],
              "inflate": 0.0,
              "uv": [
                0.0,
                0.0
              ],
              "mirror": false
            }
          ]
        },
        {
          "name": "nose",
          "parent": "head",
          "pivot": [
            0.0,
            26.0,
            0.0
          ],
          "rotation": [
            0.0,
            0.0,
            0.0
          ],
          "cubes": [
            {
              "origin": [
                -1.0,
                23.0,
                -6.0
              ],
              "size": [
                2.0,
                4.0,
                2.0
              ],
              "inflate": 0.0,
              "uv": [
                24.0,
                0.0
              ],
              "mirror": false
            }
          ]
        },
        {
          "name": "hat",
          "parent": "head",
          "pivot": [
            0.0,
            24.0,
            0.0
          ],
          "rotation": [
            0.0,
            0.0,
            0.0
          ],
          "cubes": [
            {
              "origin": [
                -4.0,
                24.0,
                -4.0
              ],
              "size": [
                8.0,
                10.0,
                8.0
              ],
              "inflate": 0.5099999904632568,
              "uv": [
                32.0,
                0.0
              ],
              "mirror": false
            }
          ]
        },
        {
          "name": "hat_rim",
          "parent": "hat",
          "pivot": [
            0.0,
            24.0,
            0.0
          ],
          "rotation": [
            -90.00000250447816,
            0.0,
            0.0
          ],
          "cubes": [
            {
              "origin": [
                -8.0,
                16.0,
                -6.0
              ],
              "size": [
                16.0,
                16.0,
                1.0
              ],
              "inflate": 0.0,
              "uv": [
                30.0,
                47.0
              ],
              "mirror": false
            }
          ]
        },
        {
          "name": "left_leg",
          "pivot": [
            2.0,
            12.0,
            0.0
          ],
          "rotation": [
            0.0,
            0.0,
            0.0
          ],
          "cubes": [
            {
              "origin": [
                0.0,
                -0.0,
                -2.0
              ],
              "size": [
                4.0,
                12.0,
                4.0
              ],
              "inflate": 0.0,
              "uv": [
                0.0,
                22.0
              ],
              "mirror": true
            }
          ]
        },
        {
          "name": "right_leg",
          "pivot": [
            -2.0,
            12.0,
            0.0
          ],
          "rotation": [
            0.0,
            0.0,
            0.0
          ],
          "cubes": [
            {
              "origin": [
                -4.0,
                -0.0,
                -2.0
              ],
              "size": [
                4.0,
                12.0,
                4.0
              ],
              "inflate": 0.0,
              "uv": [
                0.0,
                22.0
              ],
              "mirror": false
            }
          ]
        },
        {
          "name": "arms",
          "pivot": [
            0.0,
            21.0,
            -1.0
          ],
          "rotation": [
            -42.97183463481174,
            0.0,
            0.0
          ],
          "cubes": [
            {
              "origin": [
                -8.0,
                15.0,
                -3.0
              ],
              "size": [
                4.0,
                8.0,
                4.0
              ],
              "inflate": 0.0,
              "uv": [
                44.0,
                22.0
              ],
              "mirror": false
            },
            {
              "origin": [
                4.0,
                15.0,
                -3.0
              ],
              "size": [
                4.0,
                8.0,
                4.0
              ],
              "inflate": 0.0,
              "uv": [
                44.0,
                22.0
              ],
              "mirror": true
            },
            {
              "origin": [
                -4.0,
                15.0,
                -3.0
              ],
              "size": [
                8.0,
                4.0,
                4.0
              ],
              "inflate": 0.0,
              "uv": [
                40.0,
                38.0
              ],
              "mirror": false
            }
          ]
        },
        {
          "name": "body",
          "pivot": [
            0.0,
            24.0,
            0.0
          ],
          "rotation": [
            0.0,
            0.0,
            0.0
          ],
          "cubes": [
            {
              "origin": [
                -4.0,
                12.0,
                -3.0
              ],
              "size": [
                8.0,
                12.0,
                6.0
              ],
              "inflate": 0.0,
              "uv": [
                16.0,
                20.0
              ],
              "mirror": false
            }
          ]
        },
        {
          "name": "jacket",
          "parent": "body",
          "pivot": [
            0.0,
            24.0,
            0.0
          ],
          "rotation": [
            0.0,
            0.0,
            0.0
          ],
          "cubes": [
            {
              "origin": [
                -4.0,
                4.0,
                -3.0
              ],
              "size": [
                8.0,
                20.0,
                6.0
              ],
              "inflate": 0.5,
              "uv": [
                0.0,
                38.0
              ],
              "mirror": false
            }
          ]
        }
      ]
    }
  ]
}