{
  "format_version": "1.12.0",
  "minecraft:geometry": [
    {
      "description": {
        "identifier": "minecraft:warden#main",
        "texture_width": 128,
        "texture_height": 128
      },
      "bones": [
        {
          "name": "bone",
          "pivot": [
            0.0,
            -0.0,
            0.0
          ],
          "rotation": [
            0.0,
            0.0,
            0.0
          ],
          "cubes": []
        },
        {
          "name": "left_leg",
          "parent": "bone",
          "pivot": [
            5.9,
            13.0,
            0.0
          ],
          "rotation": [
            0.0,
            0.0,
            0.0
          ],
          "cubes": [
            {
              "origin": [
                3.0,
                -0.0,
                -3.0
              ],
              "size": [
                6.0,
                13.0,
                6.0
              ],
              "inflate": 0.0,
              "uv": [
                76.0,
                76.0
              ],
              "mirror": false
            }
          ]
        },
        {
          "name": "right_leg",
          "parent": "bone",
          "pivot": [
            -5.9,
            13.0,
            0.0
          ],
          "rotation": [
            0.0,
            0.0,
            0.0
          ],
          "cubes": [
            {
              "origin": [
                -9.0,
                -0.0,
                -3.0
              ],
              "size": [
                6.0,
                13.0,
                6.0
              ],
              "inflate": 0.0,
              "uv": [
                76.0,
                48.0
              ],
              "mirror": false
            }
          ]
        },
        {
          "name": "body",
          "parent": "bone",
          "pivot": [
            0.0,
            21.0,
            0.0
          ],
          "rotation": [
            0.0,
            0.0,
            0.0
          ],
          "cubes": [
            {
              "origin": [
                -9.0,
                13.0,
                -4.0
              ],
              "size": [
                18.0,
                21.0,
                11.0
              ],
              "inflate": 0.0,
              "uv": [
                0.0,
                0.0
              ],
              "mirror": false
            }
          ]
        },
        {
          "name": "head",
          "parent": "body",
          "pivot": [
            0.0,
            34.0,
            0.0
          ],
          "rotation": [
            0.0,
            0.0,
            0.0
          ],
          "cubes": [
            {
              "origin": [
                -8.0,
                34.0,
                -5.0
              ],
              "size": [
                16.0,
                16.0,
                10.0
              ],
              "inflate": 0.0,
              "uv": [
                0.0,
                32.0
              ],
              "mirror": false
            }
          ]
        },
        {
          "name": "right_tendril",
          "parent": "head",
          "pivot": [
            -8.0,
            46.0,
            0.0
          ],
          "rotation": [
            0.0,
            0.0,
            0.0
          ],
          "cubes": [
            {
              "origin": [
                -24.0,
                43.0,
                0.0
              ],
              "size": [
                16.0,
                16.0,
                0.0
              ],
              "inflate": 0.0,
              "uv": [
                52.0,
                32.0
              ],
              "mirror": false
            }
          ]
        },
        {
          "name": "left_tendril",
          "parent": "head",
          "pivot": [
            8.0,
            46.0,
            0.0
          ],
          "rotation": [
            0.0,
            0.0,
            0.0
          ],
          "cubes": [
            {
              "origin": [
                8.0,
                43.0,
                0.0
              ],
              "size": [
                16.0,
                16.0,
                0.0
              ],
              "inflate": 0.0,
              "uv": [
                58.0,
                0.0
              ],
              "mirror": false
            }
          ]
        },
        {
          "name": "right_arm",
          "parent": "body",
          "pivot": [
            -13.0,
            34.0,
            1.0
          ],
          "rotation": [
            0.0,
            0.0,
            0.0
          ],
          "cubes": [
            {
              "origin": [
                -17.0,
                6.0,
                -3.0
              ],
              "size": [
                8.0,
                28.0,
                8.0
              ],
              "inflate": 0.0,
              "uv": [
                44.0,
                50.0
              ],
              "mirror": false
            }
          ]
        },
        {
          "name": "left_arm",
          "parent": "body",
          "pivot": [
            13.0,
            34.0,
            1.0
          ],
          "rotation": [
            0.0,
            0.0,
            0.0
          ],
          "cubes": [
            {
              "origin": [
                9.0,
                6.0,
                -3.0
              ],
              "size": [
                8.0,
                28.0,
                8.0
              ],
              "inflate": 0.0,
              "uv": [
                0.0,
                58.0
              ],
              "mirror": false
            }
          ]
        },
        {
          "name": "left_ribcage",
          "parent": "body",
          "pivot": [
            7.0,
            23.0,
            -4.0
          ],
          "rotation": [
            0.0,
            0.0,
            0.0
          ],
          "cubes": [
            {
              "origin": [
                0.0,
                13.0,
                -4.1
              ],
              "size": [
                9.0,
                21.0,
                0.0
              ],
              "inflate": 0.0,
              "uv": [
                90.0,
                11.0
              ],
              "mirror": true
            }
          ]
        },
        {
          "name": "right_ribcage",
          "parent": "body",
          "pivot": [
            -7.0,
            23.0,
            -4.0
          ],
          "rotation": [
            0.0,
            0.0,
            0.0
          ],
          "cubes": [
            {
              "origin": [
                -9.0,
                13.0,
                -4.1
              ],
              "size": [
                9.0,
                21.0,
                0.0
              ],
              "inflate": 0.0,
              "uv": [
                90.0,
                11.0
              ],
              "mirror": false
            }
          ]
        }
      ]
    }
  ]
}