{
  "format_version": "1.12.0",
  "minecraft:geometry": [
    {
      "description": {
        "identifier": "minecraft:witch#main",
        "texture_width": 64,
        "texture_height": 128
      },
      "bones": [
        {
          "name": "head",
          "pivot": [
            0.0,
            24.0,
            0.0
          ],
          "rotation": [
            0.0,
            0.0,
            0.0
          ],
          "cubes": [
            {
              "origin": [
                -4.0,
                24.0,
                -4.0
              ],
              "size": [
                8.0,
                10.0,
                8.0
              ],
              "inflate": 0.0,
              "uv": [
                0.0,
                0.0
              ],
              "mirror": false
            }
          ]
        },
        {
          "name": "nose",
          "parent": "head",
          "pivot": [
            0.0,
            26.0,
            0.0
          ],
          "rotation": [
            0.0,
            0.0,
            0.0
          ],
          "cubes": [
            {
              "origin": [
                -1.0,
                23.0,
                -6.0
              ],
              "size": [
                2.0,
                4.0,
                2.0
              ],
              "inflate": 0.0,
              "uv": [
                24.0,
                0.0
              ],
              "mirror": false
            }
          ]
        },
        {
          "name": "mole",
          "parent": "nose",
          "pivot": [
            0.0,
            28.0,
            0.0
          ],
          "rotation": [
            0.0,
            0.0,
            0.0
          ],
          "cubes": [
            {
              "origin": [
                0.0,
                24.0,
                -6.75
              ],
              "size": [
                1.0,
                1.0,
                1.0
              ],
              "inflate": -0.25,
              "uv": [
                0.0,
                0.0
              ],
              "mirror": false
            }
          ]
        },
        {
          "name": "hat",
          "parent": "head",
          "pivot": [
            -5.0,
            34.03125,
            -5.0
          ],
          "rotation": [
            0.0,
            0.0,
            0.0
          ],
          "cubes": [
            {
              "origin": [
                -5.0,
                32.03125,
                -5.0
              ],
              "size": [
                10.0,
                2.0,
                10.0
              ],
              "inflate": 0.0,
              "uv": [
                0.0,
                64.0
              ],
              "mirror": false
            }
          ]
        },
        {
          "name": "hat_rim",
          "parent": "hat",
          "pivot": [
            -5.0,
            34.03125,
            -5.0
          ],
          "rotation": [
            -90.00000250447816,
            0.0,
            0.0
          ],
          "cubes": [
            {
              "origin": [
                -13.0,
                26.03125,
                -11.0
              ],
              "size": [
                16.0,
                16.0,
                1.0
              ],
              "inflate": 0.0,
              "uv": [
                30.0,
                47.0
              ],
              "mirror": false
            }
          ]
        },
        {
          "name": "hat2",
          "parent": "hat",
          "pivot": [
            -3.25,
            38.03125,
            -3.0
          ],
          "rotation": [
            -3.0000000834826057,
            0.0,
            1.5000000417413029
          ],
          "cubes": [
            {
              "origin": [
                -3.25,
                34.03125,
                -3.0
              ],
              "size": [
                7.0,
                4.0,
                7.0
              ],
              "inflate": 0.0,
              "uv": [
                0.0,
                76.0
              ],
              "mirror": false
            }
          ]
        },
        {
          "name": "hat3",
          "parent": "hat2",
          "pivot": [
            -1.5,
            42.03125,
            -1.0
          ],
          "rotation": [
            -6.000000166965211,
            0.0,
            3.0000000834826057
          ],
          "cubes": [
            {
              "origin": [
                -1.5,
                38.03125,
                -1.0
              ],
              "size": [
                4.0,
                4.0,
                4.0
              ],
              "inflate": 0.0,
              "uv": [
                0.0,
                87.0
              ],
              "mirror": false
            }
          ]
        },
        {
          "name": "hat4",
          "parent": "hat3",
          "pivot": [
            0.25,
            44.03125,
            1.0
          ],
          "rotation": [
            -12.000000333930423,
            0.0,
            6.000000166965211
          ],
          "cubes": [
            {
              "origin": [
                0.25,
                42.03125,
                1.0
              ],
              "size": [
                1.0,
                2.0,
                1.0
              ],
              "inflate": 0.25,
              "uv": [
                0.0,
                95.0
              ],
              "mirror": false
            }
          ]
        },
        {
          "name": "left_leg",
          "pivot": [
            2.0,
            12.0,
            0.0
          ],
          "rotation": [
            0.0,
            0.0,
            0.0
          ],
          "cubes": [
            {
              "origin": [
                0.0,
                -0.0,
                -2.0
              ],
              "size": [
                4.0,
                12.0,
                4.0
              ],
              "inflate": 0.0,
              "uv": [
                0.0,
                22.0
              ],
              "mirror": true
            }
          ]
        },
        {
          "name": "right_leg",
          "pivot": [
            -2.0,
            12.0,
            0.0
          ],
          "rotation": [
            0.0,
            0.0,
            0.0
          ],
          "cubes": [
            {
              "origin": [
                -4.0,
                -0.0,
                -2.0
              ],
              "size": [
                4.0,
                12.0,
                4.0
              ],
              "inflate": 0.0,
              "uv": [
                0.0,
                22.0
              ],
              "mirror": false
            }
          ]
        },
        {
          "name": "arms",
          "pivot": [
            0.0,
            21.0,
            -1.0
          ],
          "rotation": [
            -42.97183463481174,
            0.0,
            0.0
          ],
          "cubes": [
            {
              "origin": [
                -8.0,
                15.0,
                -3.0
              ],
              "size": [
                4.0,
                8.0,
                4.0
              ],
              "inflate": 0.0,
              "uv": [
                44.0,
                22.0
              ],
              "mirror": false
            },
            {
              "origin": [
                4.0,
                15.0,
                -3.0
              ],
              "size": [
                4.0,
                8.0,
                4.0
              ],
              "inflate": 0.0,
              "uv": [
                44.0,
                22.0
              ],
              "mirror": true
            },
            {
              "origin": [
                -4.0,
                15.0,
                -3.0
              ],
              "size": [
                8.0,
                4.0,
                4.0
              ],
              "inflate": 0.0,
              "uv": [
                40.0,
                38.0
              ],
              "mirror": false
            }
          ]
        },
        {
          "name": "body",
          "pivot": [
            0.0,
            24.0,
            0.0
          ],
          "rotation": [
            0.0,
            0.0,
            0.0
          ],
          "cubes": [
            {
              "origin": [
                -4.0,
                12.0,
                -3.0
              ],
              "size": [
                8.0,
                12.0,
                6.0
              ],
              "inflate": 0.0,
              "uv": [
                16.0,
                20.0
              ],
              "mirror": false
            }
          ]
        },
        {
          "name": "jacket",
          "parent": "body",
          "pivot": [
            0.0,
            24.0,
            0.0
          ],
          "rotation": [
            0.0,
            0.0,
            0.0
          ],
          "cubes": [
            {
              "origin": [
                -4.0,
                4.0,
                -3.0
              ],
              "size": [
                8.0,
                20.0,
                6.0
              ],
              "inflate": 0.5,
              "uv": [
                0.0,
                38.0
              ],
              "mirror": false
            }
          ]
        }
      ]
    }
  ]
}