{
  "format_version": "1.12.0",
  "minecraft:geometry": [
    {
      "description": {
        "identifier": "minecraft:wither#main",
        "texture_width": 64,
        "texture_height": 64
      },
      "bones": [
        {
          "name": "shoulders",
          "pivot": [
            0.0,
            24.0,
            0.0
          ],
          "rotation": [
            0.0,
            0.0,
            0.0
          ],
          "cubes": [
            {
              "origin": [
                -10.0,
                17.1,
                -0.5
              ],
              "size": [
                20.0,
                3.0,
                3.0
              ],
              "inflate": 0.0,
              "uv": [
                0.0,
                16.0
              ],
              "mirror": false
            }
          ]
        },
        {
          "name": "ribcage",
          "pivot": [
            -2.0,
            17.1,
            -0.5
          ],
          "rotation": [
            11.699999642563245,
            0.0,
            0.0
          ],
          "cubes": [
            {
              "origin": [
                -2.0,
                7.1000004,
                -0.5
              ],
              "size": [
                3.0,
                10.0,
                3.0
              ],
              "inflate": 0.0,
              "uv": [
                0.0,
                22.0
              ],
              "mirror": false
            },
            {
              "origin": [
                -6.0,
                13.6,
                0.0
              ],
              "size": [
                11.0,
                2.0,
                2.0
              ],
              "inflate": 0.0,
              "uv": [
                24.0,
                22.0
              ],
              "mirror": false
            },
            {
              "origin": [
                -6.0,
                11.1,
                0.0
              ],
              "size": [
                11.0,
                2.0,
                2.0
              ],
              "inflate": 0.0,
              "uv": [
                24.0,
                22.0
              ],
              "mirror": false
            },
            {
              "origin": [
                -6.0,
                8.6,
                0.0
              ],
              "size": [
                11.0,
                2.0,
                2.0
              ],
              "inflate": 0.0,
              "uv": [
                24.0,
                22.0
              ],
              "mirror": false
            }
          ]
        },
        {
          "name": "tail",
          "pivot": [
            -2.0,
            7.3075924,
            1.5270092
          ],
          "rotation": [
            47.69999893680722,
            0.0,
            0.0
          ],
          "cubes": [
            {
              "origin": [
                -2.0,
                1.3075924,
                1.5270092
              ],
              "size": [
                3.0,
                6.0,
                3.0
              ],
              "inflate": 0.0,
              "uv": [
                12.0,
                22.0
              ],
              "mirror": false
            }
          ]
        },
        {
          "name": "left_head",
          "pivot": [
            10.0,
            20.0,
            0.0
          ],
          "rotation": [
            0.0,
            0.0,
            0.0
          ],
          "cubes": [
            {
              "origin": [
                6.0,
                18.0,
                -4.0
              ],
              "size": [
                6.0,
                6.0,
                6.0
              ],
              "inflate": 0.0,
              "uv": [
                32.0,
                0.0
              ],
              "mirror": false
            }
          ]
        },
        {
          "name": "right_head",
          "pivot": [
            -8.0,
            20.0,
            0.0
          ],
          "rotation": [
            0.0,
            0.0,
            0.0
          ],
          "cubes": [
            {
              "origin": [
                -12.0,
                18.0,
                -4.0
              ],
              "size": [
                6.0,
                6.0,
                6.0
              ],
              "inflate": 0.0,
              "uv": [
                32.0,
                0.0
              ],
              "mirror": false
            }
          ]
        },
        {
          "name": "center_head",
          "pivot": [
            0.0,
            24.0,
            0.0
          ],
          "rotation": [
            0.0,
            0.0,
            0.0
          ],
          "cubes": [
            {
              "origin": [
                -4.0,
                20.0,
                -4.0
              ],
              "size": [
                8.0,
                8.0,
                8.0
              ],
              "inflate": 0.0,
              "uv": [
                0.0,
                0.0
              ],
              "mirror": false
            }
          ]
        }
      ]
    }
  ]
}