{
  "format_version": "1.12.0",
  "minecraft:geometry": [
    {
      "description": {
        "identifier": "minecraft:wolf#main",
        "texture_width": 64,
        "texture_height": 32
      },
      "bones": [
        {
          "name": "head",
          "pivot": [
            -1.0,
            10.5,
            -7.0
          ],
          "rotation": [
            0.0,
            0.0,
            0.0
          ],
          "cubes": []
        },
        {
          "name": "real_head",
          "parent": "head",
          "pivot": [
            -1.0,
            10.5,
            -7.0
          ],
          "rotation": [
            0.0,
            0.0,
            0.0
          ],
          "cubes": [
            {
              "origin": [
                -3.0,
                7.5,
                -9.0
              ],
              "size": [
                6.0,
                6.0,
                4.0
              ],
              "inflate": 0.0,
              "uv": [
                0.0,
                0.0
              ],
              "mirror": false
            },
            {
              "origin": [
                -3.0,
                13.5,
                -7.0
              ],
              "size": [
                2.0,
                2.0,
                1.0
              ],
              "inflate": 0.0,
              "uv": [
                16.0,
                14.0
              ],
              "mirror": false
            },
            {
              "origin": [
                1.0,
                13.5,
                -7.0
              ],
              "size": [
                2.0,
                2.0,
                1.0
              ],
              "inflate": 0.0,
              "uv": [
                16.0,
                14.0
              ],
              "mirror": false
            },
            {
              "origin": [
                -1.5,
                7.501,
                -12.0
              ],
              "size": [
                3.0,
                3.0,
                4.0
              ],
              "inflate": 0.0,
              "uv": [
                0.0,
                10.0
              ],
              "mirror": false
            }
          ]
        },
        {
          "name": "right_front_leg",
          "pivot": [
            -2.5,
            8.0,
            -4.0
          ],
          "rotation": [
            0.0,
            0.0,
            0.0
          ],
          "cubes": [
            {
              "origin": [
                -2.5,
                -0.0,
                -5.0
              ],
              "size": [
                2.0,
                8.0,
                2.0
              ],
              "inflate": 0.0,
              "uv": [
                0.0,
                18.0
              ],
              "mirror": false
            }
          ]
        },
        {
          "name": "right_hind_leg",
          "pivot": [
            -2.5,
            8.0,
            7.0
          ],
          "rotation": [
            0.0,
            0.0,
            0.0
          ],
          "cubes": [
            {
              "origin": [
                -2.5,
                -0.0,
                6.0
              ],
              "size": [
                2.0,
                8.0,
                2.0
              ],
              "inflate": 0.0,
              "uv": [
                0.0,
                18.0
              ],
              "mirror": false
            }
          ]
        },
        {
          "name": "upper_body",
          "pivot": [
            -1.0,
            10.0,
            -3.0
          ],
          "rotation": [
            90.00000250447816,
            0.0,
            0.0
          ],
          "cubes": [
            {
              "origin": [
                -4.0,
                7.0,
                -6.0
              ],
              "size": [
                8.0,
                6.0,
                7.0
              ],
              "inflate": 0.0,
              "uv": [
                21.0,
                0.0
              ],
              "mirror": false
            }
          ]
        },
        {
          "name": "tail",
          "pivot": [
            -1.0,
            12.0,
            8.0
          ],
          "rotation": [
            36.00000100179127,
            0.0,
            0.0
          ],
          "cubes": []
        },
        {
          "name": "real_tail",
          "parent": "tail",
          "pivot": [
            -1.0,
            12.0,
            8.0
          ],
          "rotation": [
            0.0,
            0.0,
            0.0
          ],
          "cubes": [
            {
              "origin": [
                -1.0,
                4.0,
                7.0
              ],
              "size": [
                2.0,
                8.0,
                2.0
              ],
              "inflate": 0.0,
              "uv": [
                9.0,
                18.0
              ],
              "mirror": false
            }
          ]
        },
        {
          "name": "left_hind_leg",
          "pivot": [
            0.5,
            8.0,
            7.0
          ],
          "rotation": [
            0.0,
            0.0,
            0.0
          ],
          "cubes": [
            {
              "origin": [
                0.5,
                -0.0,
                6.0
              ],
              "size": [
                2.0,
                8.0,
                2.0
              ],
              "inflate": 0.0,
              "uv": [
                0.0,
                18.0
              ],
              "mirror": false
            }
          ]
        },
        {
          "name": "body",
          "pivot": [
            0.0,
            10.0,
            2.0
          ],
          "rotation": [
            90.00000250447816,
            0.0,
            0.0
          ],
          "cubes": [
            {
              "origin": [
                -3.0,
                3.0,
                -1.0
              ],
              "size": [
                6.0,
                9.0,
                6.0
              ],
              "inflate": 0.0,
              "uv": [
                18.0,
                14.0
              ],
              "mirror": false
            }
          ]
        },
        {
          "name": "left_front_leg",
          "pivot": [
            0.5,
            8.0,
            -4.0
          ],
          "rotation": [
            0.0,
            0.0,
            0.0
          ],
          "cubes": [
            {
              "origin": [
                0.5,
                -0.0,
                -5.0
              ],
              "size": [
                2.0,
                8.0,
                2.0
              ],
              "inflate": 0.0,
              "uv": [
                0.0,
                18.0
              ],
              "mirror": false
            }
          ]
        }
      ]
    }
  ]
}