{
  "format_version": "1.12.0",
  "minecraft:geometry": [
    {
      "description": {
        "identifier": "minecraft:zoglin#main",
        "texture_width": 128,
        "texture_height": 64
      },
      "bones": [
        {
          "name": "head",
          "pivot": [
            0.0,
            22.0,
            -12.0
          ],
          "rotation": [
            50.0000002530119,
            0.0,
            0.0
          ],
          "cubes": [
            {
              "origin": [
                -7.0,
                19.0,
                -31.0
              ],
              "size": [
                14.0,
                6.0,
                19.0
              ],
              "inflate": 0.0,
              "uv": [
                61.0,
                1.0
              ],
              "mirror": false
            }
          ]
        },
        {
          "name": "right_horn",
          "parent": "head",
          "pivot": [
            -7.0,
            20.0,
            -24.0
          ],
          "rotation": [
            0.0,
            0.0,
            0.0
          ],
          "cubes": [
            {
              "origin": [
                -8.0,
                20.0,
                -25.0
              ],
              "size": [
                2.0,
                11.0,
                2.0
              ],
              "inflate": 0.0,
              "uv": [
                10.0,
                13.0
              ],
              "mirror": false
            }
          ]
        },
        {
          "name": "left_horn",
          "parent": "head",
          "pivot": [
            7.0,
            20.0,
            -24.0
          ],
          "rotation": [
            0.0,
            0.0,
            0.0
          ],
          "cubes": [
            {
              "origin": [
                6.0,
                20.0,
                -25.0
              ],
              "size": [
                2.0,
                11.0,
                2.0
              ],
              "inflate": 0.0,
              "uv": [
                1.0,
                13.0
              ],
              "mirror": false
            }
          ]
        },
        {
          "name": "right_ear",
          "parent": "head",
          "pivot": [
            -6.0,
            24.0,
            -15.0
          ],
          "rotation": [
            0.0,
            0.0,
            -39.99999883637168
          ],
          "cubes": [
            {
              "origin": [
                -12.0,
                24.0,
                -17.0
              ],
              "size": [
                6.0,
                1.0,
                4.0
              ],
              "inflate": 0.0,
              "uv": [
                1.0,
                1.0
              ],
              "mirror": false
            }
          ]
        },
        {
          "name": "left_ear",
          "parent": "head",
          "pivot": [
            6.0,
            24.0,
            -15.0
          ],
          "rotation": [
            0.0,
            0.0,
            39.99999883637168
          ],
          "cubes": [
            {
              "origin": [
                6.0,
                24.0,
                -17.0
              ],
              "size": [
                6.0,
                1.0,
                4.0
              ],
              "inflate": 0.0,
              "uv": [
                1.0,
                6.0
              ],
              "mirror": false
            }
          ]
        },
        {
          "name": "right_front_leg",
          "pivot": [
            -4.0,
            14.0,
            -8.5
          ],
          "rotation": [
            0.0,
            0.0,
            0.0
          ],
          "cubes": [
            {
              "origin": [
                -7.0,
                -0.0,
                -11.5
              ],
              "size": [
                6.0,
                14.0,
                6.0
              ],
              "inflate": 0.0,
              "uv": [
                66.0,
                42.0
              ],
              "mirror": false
            }
          ]
        },
        {
          "name": "right_hind_leg",
          "pivot": [
            -5.0,
            11.0,
            10.0
          ],
          "rotation": [
            0.0,
            0.0,
            0.0
          ],
          "cubes": [
            {
              "origin": [
                -7.5,
                -0.0,
                7.5
              ],
              "size": [
                5.0,
                11.0,
                5.0
              ],
              "inflate": 0.0,
              "uv": [
                21.0,
                45.0
              ],
              "mirror": false
            }
          ]
        },
        {
          "name": "left_hind_leg",
          "pivot": [
            5.0,
            11.0,
            10.0
          ],
          "rotation": [
            0.0,
            0.0,
            0.0
          ],
          "cubes": [
            {
              "origin": [
                2.5,
                -0.0,
                7.5
              ],
              "size": [
                5.0,
                11.0,
                5.0
              ],
              "inflate": 0.0,
              "uv": [
                0.0,
                45.0
              ],
              "mirror": false
            }
          ]
        },
        {
          "name": "body",
          "pivot": [
            0.0,
            17.0,
            0.0
          ],
          "rotation": [
            0.0,
            0.0,
            0.0
          ],
          "cubes": [
            {
              "origin": [
                -8.0,
                10.0,
                -13.0
              ],
              "size": [
                16.0,
                14.0,
                26.0
              ],
              "inflate": 0.0,
              "uv": [
                1.0,
                1.0
              ],
              "mirror": false
            }
          ]
        },
        {
          "name": "mane",
          "parent": "body",
          "pivot": [
            0.0,
            31.0,
            -5.0
          ],
          "rotation": [
            0.0,
            0.0,
            0.0
          ],
          "cubes": [
            {
              "origin": [
                0.0,
                21.0,
                -14.0
              ],
              "size": [
                0.0,
                10.0,
                19.0
              ],
              "inflate": 0.001000000008692344,
              "uv": [
                90.0,
                33.0
              ],
              "mirror": false
            }
          ]
        },
        {
          "name": "left_front_leg",
          "pivot": [
            4.0,
            14.0,
            -8.5
          ],
          "rotation": [
            0.0,
            0.0,
            0.0
          ],
          "cubes": [
            {
              "origin": [
                1.0,
                -0.0,
                -11.5
              ],
              "size": [
                6.0,
                14.0,
                6.0
              ],
              "inflate": 0.0,
              "uv": [
                41.0,
                42.0
              ],
              "mirror": false
            }
          ]
        }
      ]
    }
  ]
}