{
  "format_version": "1.12.0",
  "minecraft:geometry": [
    {
      "description": {
        "identifier": "minecraft:hanging_sign/crimson#main",
        "texture_width": 64,
        "texture_height": 32
      },
      "bones": [
        {
          "name": "vChains",
          "pivot": [
            0.0,
            24.0,
            0.0
          ],
          "rotation": [
            0.0,
            0.0,
            0.0
          ],
          "cubes": [
            {
              "origin": [
                -6.0,
                24.0,
                0.0
              ],
              "size": [
                12.0,
                6.0,
                0.0
              ],
              "inflate": 0.0,
              "uv": [
                14.0,
                6.0
              ],
              "mirror": false
            }
          ]
        },
        {
          "name": "normalChains",
          "pivot": [
            0.0,
            24.0,
            0.0
          ],
          "rotation": [
            0.0,
            0.0,
            0.0
          ],
          "cubes": []
        },
        {
          "name": "chainR2",
          "parent": "normalChains",
          "pivot": [
            5.0,
            30.0,
            0.0
          ],
          "rotation": [
            0.0,
            45.00000125223908,
            0.0
          ],
          "cubes": [
            {
              "origin": [
                3.5,
                24.0,
                0.0
              ],
              "size": [
                3.0,
                6.0,
                0.0
              ],
              "inflate": 0.0,
              "uv": [
                6.0,
                6.0
              ],
              "mirror": false
            }
          ]
        },
        {
          "name": "chainR1",
          "parent": "normalChains",
          "pivot": [
            5.0,
            30.0,
            0.0
          ],
          "rotation": [
            0.0,
            -45.00000125223908,
            0.0
          ],
          "cubes": [
            {
              "origin": [
                3.5,
                24.0,
                0.0
              ],
              "size": [
                3.0,
                6.0,
                0.0
              ],
              "inflate": 0.0,
              "uv": [
                0.0,
                6.0
              ],
              "mirror": false
            }
          ]
        },
        {
          "name": "chainL2",
          "parent": "normalChains",
          "pivot": [
            -5.0,
            30.0,
            0.0
          ],
          "rotation": [
            0.0,
            45.00000125223908,
            0.0
          ],
          "cubes": [
            {
              "origin": [
                -6.5,
                24.0,
                0.0
              ],
              "size": [
                3.0,
                6.0,
                0.0
              ],
              "inflate": 0.0,
              "uv": [
                6.0,
                6.0
              ],
              "mirror": false
            }
          ]
        },
        {
          "name": "chainL1",
          "parent": "normalChains",
          "pivot": [
            -5.0,
            30.0,
            0.0
          ],
          "rotation": [
            0.0,
            -45.00000125223908,
            0.0
          ],
          "cubes": [
            {
              "origin": [
                -6.5,
                24.0,
                0.0
              ],
              "size": [
                3.0,
                6.0,
                0.0
              ],
              "inflate": 0.0,
              "uv": [
                0.0,
                6.0
              ],
              "mirror": false
            }
          ]
        },
        {
          "name": "board",
          "pivot": [
            0.0,
            24.0,
            0.0
          ],
          "rotation": [
            0.0,
            0.0,
            0.0
          ],
          "cubes": [
            {
              "origin": [
                -7.0,
                14.0,
                -1.0
              ],
              "size": [
                14.0,
                10.0,
                2.0
              ],
              "inflate": 0.0,
              "uv": [
                0.0,
                12.0
              ],
              "mirror": false
            }
          ]
        },
        {
          "name": "plank",
          "pivot": [
            0.0,
            24.0,
            0.0
          ],
          "rotation": [
            0.0,
            0.0,
            0.0
          ],
          "cubes": [
            {
              "origin": [
                -8.0,
                28.0,
                -2.0
              ],
              "size": [
                16.0,
                2.0,
                4.0
              ],
              "inflate": 0.0,
              "uv": [
                0.0,
                0.0
              ],
              "mirror": false
            }
          ]
        }
      ]
    }
  ]
}