{
  "entries": [
    {
      "item": "minecraft:beef",
      "emc": 64
    },
    {
      "item": "minecraft:cooked_beef",
      "emc": 64
    },
    {
      "item": "minecraft:porkchop",
      "emc": 64
    },
    {
      "item": "minecraft:cooked_porkchop",
      "emc": 64
    },
    {
      "item": "minecraft:mutton",
      "emc": 64
    },
    {
      "item": "minecraft:cooked_mutton",
      "emc": 64
    },
    {
      "item": "xycraft_world:xychorium_gem_blue",
      "emc": 128
    },
    {
      "item": "xycraft_world:xychorium_gem_light",
      "emc": 128
    },
    {
      "item": "xycraft_world:xychorium_gem_dark",
      "emc": 128
    },
    {
      "item": "xycraft_world:xychorium_gem_red",
      "emc": 128
    },
    {
      "item": "xycraft_world:xychorium_gem_green",
      "emc": 128
    },
    {
      "item": "minecraft:bone_meal",
      "emc": 0
    },
    {
      "item": "minecraft:bone",
      "emc": 144
    },
    {
      "item": "minecraft:string",
      "emc": 12
    },
    {
      "item": "minecraft:gunpowder",
      "emc": 196
    },
    {
      "item": "minecraft:ghast_tear",
      "emc": 1024
    },
    {
      "item": "minecraft:acacia_log",
      "emc": 32
    },
    {
      "item": "minecraft:stripped_jungle_log",
      "emc": 32
    },
    {
      "item": "minecraft:jungle_log",
      "emc": 32
    },
    {
      "item": "minecraft:stripped_birch_log",
      "emc": 32
    },
    {
      "item": "minecraft:birch_log",
      "emc": 32
    },
    {
      "item": "minecraft:stripped_spruce_log",
      "emc": 32
    },
    {
      "item": "minecraft:spruce_log",
      "emc": 32
    },
    {
      "item": "minecraft:stripped_oak_log",
      "emc": 32
    },
    {
      "item": "minecraft:oak_log",
      "emc": 32
    },
    {
      "item": "minecraft:stripped_acacia_log",
      "emc": 32
    },
    {
      "item": "minecraft:dark_oak_log",
      "emc": 32
    },
    {
      "item": "minecraft:stripped_dark_oak_log",
      "emc": 32
    },
    {
      "item": "minecraft:mangrove_log",
      "emc": 32
    },
    {
      "item": "minecraft:stripped_mangrove_log",
      "emc": 32
    },
    {
      "item": "minecraft:cherry_log",
      "emc": 32
    },
    {
      "item": "minecraft:stripped_cherry_log",
      "emc": 32
    },
    {
      "item": "minecraft:crimson_stem",
      "emc": 32
    },
    {
      "item": "minecraft:stripped_crimson_stem",
      "emc": 32
    },
    {
      "item": "minecraft:light_gray_carpet",
      "emc": 32
    },
    {
      "item": "minecraft:gray_carpet",
      "emc": 32
    },
    {
      "item": "minecraft:black_carpet",
      "emc": 32
    },
    {
      "item": "minecraft:brown_carpet",
      "emc": 32
    },
    {
      "item": "minecraft:red_carpet",
      "emc": 32
    },
    {
      "item": "minecraft:orange_carpet",
      "emc": 32
    },
    {
      "item": "minecraft:yellow_carpet",
      "emc": 32
    },
    {
      "item": "minecraft:stripped_warped_stem",
      "emc": 32
    },
    {
      "item": "minecraft:warped_stem",
      "emc": 32
    },
    {
      "item": "minecraft:pink_carpet",
      "emc": 32
    },
    {
      "item": "minecraft:magenta_carpet",
      "emc": 32
    },
    {
      "item": "minecraft:purple_carpet",
      "emc": 32
    },
    {
      "item": "minecraft:blue_carpet",
      "emc": 32
    },
    {
      "item": "minecraft:light_blue_carpet",
      "emc": 32
    },
    {
      "item": "minecraft:cyan_carpet",
      "emc": 32
    },
    {
      "item": "minecraft:green_carpet",
      "emc": 32
    },
    {
      "item": "minecraft:lime_carpet",
      "emc": 32
    },
    {
      "item": "minecraft:white_carpet",
      "emc": 32
    },
    {
      "item": "minecraft:slime_ball",
      "emc": 32
    },
    {
      "item": "minecraft:rotten_flesh",
      "emc": 32
    },
    {
      "item": "minecraft:mangrove_planks",
      "emc": 8
    },
    {
      "item": "minecraft:dark_oak_planks",
      "emc": 8
    },
    {
      "item": "minecraft:acacia_planks",
      "emc": 8
    },
    {
      "item": "minecraft:jungle_planks",
      "emc": 8
    },
    {
      "item": "minecraft:birch_planks",
      "emc": 8
    },
    {
      "item": "minecraft:spruce_planks",
      "emc": 8
    },
    {
      "item": "minecraft:oak_planks",
      "emc": 8
    },
    {
      "item": "minecraft:crimson_planks",
      "emc": 8
    },
    {
      "item": "minecraft:warped_planks",
      "emc": 8
    },
    {
      "item": "minecraft:cherry_planks",
      "emc": 8
    },
    {
      "item": "minecraft:bamboo_planks",
      "emc": 8
    },
    {
      "item": "minecraft:green_wool",
      "emc": 48
    },
    {
      "item": "minecraft:white_wool",
      "emc": 48
    },
    {
      "item": "minecraft:light_gray_wool",
      "emc": 48
    },
    {
      "item": "minecraft:cyan_wool",
      "emc": 48
    },
    {
      "item": "minecraft:light_blue_wool",
      "emc": 48
    },
    {
      "item": "minecraft:blue_wool",
      "emc": 48
    },
    {
      "item": "minecraft:purple_wool",
      "emc": 48
    },
    {
      "item": "minecraft:magenta_wool",
      "emc": 48
    },
    {
      "item": "minecraft:pink_wool",
      "emc": 48
    },
    {
      "item": "minecraft:gray_wool",
      "emc": 48
    },
    {
      "item": "minecraft:lime_wool",
      "emc": 48
    },
    {
      "item": "minecraft:orange_wool",
      "emc": 48
    },
    {
      "item": "minecraft:red_wool",
      "emc": 48
    },
    {
      "item": "minecraft:brown_wool",
      "emc": 48
    },
    {
      "item": "minecraft:black_wool",
      "emc": 48
    },
    {
      "item": "minecraft:yellow_wool",
      "emc": 48
    },
    {
      "item": "minecraft:white_terracotta",
      "emc": 1
    },
    {
      "item": "minecraft:terracotta",
      "emc": 1
    },
    {
      "item": "minecraft:smooth_basalt",
      "emc": 1
    },
    {
      "item": "minecraft:basalt",
      "emc": 1
    },
    {
      "item": "minecraft:sandstone",
      "emc": 1
    },
    {
      "item": "minecraft:cobbled_deepslate",
      "emc": 1
    },
    {
      "item": "minecraft:deepslate",
      "emc": 1
    },
    {
      "item": "minecraft:cobblestone",
      "emc": 1
    },
    {
      "item": "minecraft:stone",
      "emc": 1
    },
    {
      "item": "minecraft:green_terracotta",
      "emc": 1
    },
    {
      "item": "minecraft:lime_terracotta",
      "emc": 1
    },
    {
      "item": "minecraft:yellow_terracotta",
      "emc": 1
    },
    {
      "item": "minecraft:orange_terracotta",
      "emc": 1
    },
    {
      "item": "minecraft:red_terracotta",
      "emc": 1
    },
    {
      "item": "minecraft:brown_terracotta",
      "emc": 1
    },
    {
      "item": "minecraft:black_terracotta",
      "emc": 1
    },
    {
      "item": "minecraft:gray_terracotta",
      "emc": 1
    },
    {
      "item": "minecraft:light_gray_terracotta",
      "emc": 1
    },
    {
      "item": "minecraft:pink_terracotta",
      "emc": 1
    },
    {
      "item": "minecraft:magenta_terracotta",
      "emc": 1
    },
    {
      "item": "minecraft:purple_terracotta",
      "emc": 1
    },
    {
      "item": "minecraft:blue_terracotta",
      "emc": 1
    },
    {
      "item": "minecraft:light_blue_terracotta",
      "emc": 1
    },
    {
      "item": "minecraft:cyan_terracotta",
      "emc": 1
    },
    {
      "item": "minecraft:cherry_leaves",
      "emc": 1
    },
    {
      "item": "minecraft:mangrove_leaves",
      "emc": 1
    },
    {
      "item": "minecraft:dark_oak_leaves",
      "emc": 1
    },
    {
      "item": "minecraft:acacia_leaves",
      "emc": 1
    },
    {
      "item": "minecraft:jungle_leaves",
      "emc": 1
    },
    {
      "item": "minecraft:birch_leaves",
      "emc": 1
    },
    {
      "item": "minecraft:spruce_leaves",
      "emc": 1
    },
    {
      "item": "minecraft:oak_leaves",
      "emc": 1
    },
    {
      "item": "minecraft:red_sand",
      "emc": 0
    },
    {
      "item": "minecraft:azalea_leaves",
      "emc": 1
    },
    {
      "item": "minecraft:moss_block",
      "emc": 1
    },
    {
      "item": "minecraft:moss_carpet",
      "emc": 1
    },
    {
      "item": "minecraft:netherrack",
      "emc": 0
    },
    {
      "item": "minecraft:calcite",
      "emc": 4
    },
    {
      "item": "minecraft:flower_pot",
      "emc": 4
    },
    {
      "item": "minecraft:clay",
      "emc": 4
    },
    {
      "item": "minecraft:nether_bricks",
      "emc": 4
    },
    {
      "item": "minecraft:red_sandstone",
      "emc": 4
    },
    {
      "item": "minecraft:bricks",
      "emc": 4
    },
    {
      "item": "minecraft:andesite",
      "emc": 1
    },
    {
      "item": "minecraft:diorite",
      "emc": 1
    },
    {
      "item": "minecraft:granite",
      "emc": 1
    },
    {
      "item": "minecraft:dripstone_block",
      "emc": 4
    },
    {
      "item": "create:limestone",
      "emc": 4
    },
    {
      "item": "minecraft:ink_sac",
      "emc": 16
    },
    {
      "item": "minecraft:spider_eye",
      "emc": 128
    },
    {
      "item": "minecraft:ochre_froglight",
      "emc": 256
    },
    {
      "item": "minecraft:verdant_froglight",
      "emc": 256
    },
    {
      "item": "minecraft:pearlescent_froglight",
      "emc": 256
    },
    {
      "item": "minecraft:leather",
      "emc": 27
    },
    {
      "item": "minecraft:blaze_powder",
      "emc": 0
    },
    {
      "item": "minecraft:blaze_rod",
      "emc": 1536
    },
    {
      "item": "projecte:interdiction_torch",
      "emc": 0
    },
    {
      "item": "projecte:transmutation_table",
      "emc": 260
    },
    {
      "item": "projecte:alchemical_chest",
      "emc": 0
    },
    {
      "item": "projecte:repair_talisman",
      "emc": 490
    },
    {
      "item": "projecte:black_alchemical_bag",
      "emc": 9851
    },
    {
      "item": "projecte:red_alchemical_bag",
      "emc": 9851
    },
    {
      "item": "projecte:green_alchemical_bag",
      "emc": 9851
    },
    {
      "item": "projecte:brown_alchemical_bag",
      "emc": 9851
    },
    {
      "item": "projecte:blue_alchemical_bag",
      "emc": 9851
    },
    {
      "item": "projecte:purple_alchemical_bag",
      "emc": 9851
    },
    {
      "item": "projecte:cyan_alchemical_bag",
      "emc": 9851
    },
    {
      "item": "projecte:light_gray_alchemical_bag",
      "emc": 9851
    },
    {
      "item": "projecte:gray_alchemical_bag",
      "emc": 9851
    },
    {
      "item": "projecte:pink_alchemical_bag",
      "emc": 9851
    },
    {
      "item": "projecte:lime_alchemical_bag",
      "emc": 9851
    },
    {
      "item": "projecte:yellow_alchemical_bag",
      "emc": 9851
    },
    {
      "item": "projecte:light_blue_alchemical_bag",
      "emc": 9851
    },
    {
      "item": "projecte:magenta_alchemical_bag",
      "emc": 9851
    },
    {
      "item": "projecte:orange_alchemical_bag",
      "emc": 9851
    },
    {
      "item": "projecte:white_alchemical_bag",
      "emc": 9851
    },
    {
      "item": "projecte:divining_rod_1",
      "emc": 12
    },
    {
      "item": "projecte:divining_rod_2",
      "emc": 76
    },
    {
      "item": "projecte:divining_rod_3",
      "emc": 1740
    },
    {
      "item": "projecte:low_covalence_dust",
      "emc": 1
    },
    {
      "item": "projecte:medium_covalence_dust",
      "emc": 5
    },
    {
      "item": "projecte:high_covalence_dust",
      "emc": 208
    },
    {
      "item": "minecraft:feather",
      "emc": 48
    },
    {
      "item": "minecraft:egg",
      "emc": 16
    },
    {
      "item": "minecraft:chicken",
      "emc": 64
    },
    {
      "item": "minecraft:cooked_chicken",
      "emc": 64
    },
    {
      "item": "minecraft:white_concrete",
      "emc": 1
    },
    {
      "item": "minecraft:light_gray_concrete",
      "emc": 1
    },
    {
      "item": "minecraft:gray_concrete",
      "emc": 1
    },
    {
      "item": "minecraft:black_concrete",
      "emc": 1
    },
    {
      "item": "minecraft:brown_concrete",
      "emc": 1
    },
    {
      "item": "minecraft:red_concrete",
      "emc": 1
    },
    {
      "item": "minecraft:orange_concrete",
      "emc": 1
    },
    {
      "item": "minecraft:yellow_concrete",
      "emc": 1
    },
    {
      "item": "minecraft:lime_concrete",
      "emc": 1
    },
    {
      "item": "minecraft:green_concrete",
      "emc": 1
    },
    {
      "item": "minecraft:cyan_concrete",
      "emc": 1
    },
    {
      "item": "minecraft:light_blue_concrete",
      "emc": 1
    },
    {
      "item": "minecraft:blue_concrete",
      "emc": 1
    },
    {
      "item": "minecraft:purple_concrete",
      "emc": 1
    },
    {
      "item": "minecraft:magenta_concrete",
      "emc": 1
    },
    {
      "item": "minecraft:pink_concrete",
      "emc": 1
    },
    {
      "item": "minecraft:glass",
      "emc": 1
    },
    {
      "item": "minecraft:ender_pearl",
      "emc": 1024
    },
    {
      "item": "minecraft:sea_lantern",
      "emc": 128
    },
    {
      "item": "minecraft:phantom_membrane",
      "emc": 2048
    }
  ]
}