{
  "format_version": "1.12.0",
  "minecraft:geometry": [
    {
      "description": {
        "identifier": "minecraft:sign/oak#main",
        "texture_width": 64,
        "texture_height": 32
      },
      "bones": [
        {
          "name": "sign",
          "pivot": [
            0.0,
            24.0,
            0.0
          ],
          "rotation": [
            0.0,
            0.0,
            0.0
          ],
          "cubes": [
            {
              "origin": [
                -12.0,
                26.0,
                -1.0
              ],
              "size": [
                24.0,
                12.0,
                2.0
              ],
              "inflate": 0.0,
              "uv": [
                0.0,
                0.0
              ],
              "mirror": false
            }
          ]
        },
        {
          "name": "stick",
          "pivot": [
            0.0,
            24.0,
            0.0
          ],
          "rotation": [
            0.0,
            0.0,
            0.0
          ],
          "cubes": [
            {
              "origin": [
                -1.0,
                12.0,
                -1.0
              ],
              "size": [
                2.0,
                14.0,
                2.0
              ],
              "inflate": 0.0,
              "uv": [
                0.0,
                14.0
              ],
              "mirror": false
            }
          ]
        }
      ]
    }
  ]
}